"","WJSpecID","Scientific","TipLabel","PatchClade","Hackett_FineClades","Hackett_CoarseClades","English","FileName","X2010.IUCN.Red.List.category","Taxo","BLFamilyLatin","BLFamilyEnglish","FamSequID","IOCOrder","PassNonPass","OscSubOsc"
"3831",5660,"Acanthisitta chloris","Acanthisitta_chloris","Skeleton","New Zealand wrens","New Zealand wrens","Rifleman","bow05660","LC","BL3","Acanthisittidae","New Zealand wrens",98,"PASSERIFORMES","PASSERIFORMES","Tyranni"
"2251",3147,"Aegotheles bennettii","Aegotheles_bennettii","Aegothelidae","Owlet-Nightjars","Owlet-Nightjars","Barred Owlet-nightjar","bow03147","LC","BL3","Aegothelidae","Owlet-nightjars",76,"APODIFORMES","NONPASSERIFORMES","NONPASSERIFORMES"
"3184",4510,"Alca torda","Alca_torda","Lari","Gulls, Terns, Auks, Crab Plover","Gulls, Terns, Auks, Crab Plover","Razorbill","bow04510","LC","BL3","Alcidae","Auks",63,"CHARADRIIFORMES","NONPASSERIFORMES","NONPASSERIFORMES"
"422",679,"Anas platyrhynchos","Anas_platyrhynchos","Anatinae","Ducks, Geese, Other Waterfowl, Screamers","Ducks, Geese, Other Waterfowl, Screamers","Mallard","bow00679","LC","BL3","Anatidae","Ducks, geese and swans",14,"ANSERIFORMES","NONPASSERIFORMES","NONPASSERIFORMES"
"3703",5414,"Aptenodytes forsteri","Aptenodytes_forsteri","Spheniscidae","Penguins","Penguins","Emperor Penguin","bow05414","LC","BL3","Spheniscidae","Penguins",15,"SPHENISCIFORMES","NONPASSERIFORMES","NONPASSERIFORMES"
"3412",4864,"Aquila chrysaetos","Aquila_chrysaetos","Accipitridae","Hawks, Eagles, Secretarybird","Hawks, Eagles, Secretarybird","Golden Eagle","bow04864","LC","BL3","Accipitridae","Osprey, kites, hawks and eagles",36,"ACCIPITRIFORMES","NONPASSERIFORMES","NONPASSERIFORMES"
"917",1332,"Buceros rhinoceros","Buceros_rhinoceros","Bucerotidae","Hornbills","Hornbills, Woodhoopoes, Hoopoe","Rhinoceros Hornbill","bow01332","NT","BL3","Bucerotidae","Hornbills",91,"BUCEROTIFORMES","NONPASSERIFORMES","NONPASSERIFORMES"
"947",1372,"Bucorvus abyssinicus","Bucorvus_abyssinicus","Bucerotidae","Hornbills","Hornbills, Woodhoopoes, Hoopoe","Abyssinian Ground-hornbill","bow01372","LC","BL3","Bucorvidae","Ground-hornbills",92,"BUCEROTIFORMES","NONPASSERIFORMES","NONPASSERIFORMES"
"401",657,"Cairina moschata","Cairina_moschata","Anatinae","Ducks, Geese, Other Waterfowl, Screamers","Ducks, Geese, Other Waterfowl, Screamers","Muscovy Duck","bow00657","LC","BL3","Anatidae","Ducks, geese and swans",14,"ANSERIFORMES","NONPASSERIFORMES","NONPASSERIFORMES"
"4371",6322,"Cephalopterus ornatus","Cephalopterus_ornatus","Cotingidae","Cotingas","Cotingas","Amazonian Umbrellabird","bow06322","LC","BL3","Cotingidae","Cotingas",104,"PASSERIFORMES","PASSERIFORMES","Tyranni"
"3185",4512,"Cepphus grylle","Cepphus_grylle","Lari","Gulls, Terns, Auks, Crab Plover","Gulls, Terns, Auks, Crab Plover","Black Guillemot","bow04512","LC","BL3","Alcidae","Auks",63,"CHARADRIIFORMES","NONPASSERIFORMES","NONPASSERIFORMES"
"7157",10416,"Cisticola juncidis","Cisticola_juncidis","S10","Cisticolas, Allies","Cisticolas, Allies","Zitting Cisticola","bow10416","LC","BL3","Cisticolidae","Cisticolas and allies",159,"PASSERIFORMES","PASSERIFORMES","Passeri"
"5673",8156,"Cnemophilus loriae","Cnemophilus_loriae","CC1","Berrypeckers, Satinbirds, Allies","Berrypeckers, Satinbirds, Allies","Loria's Bird-of-paradise","bow08156","LC","BL3","Cnemophilidae","Satin birds",123,"PASSERIFORMES","PASSERIFORMES","Passeri"
"24",78,"Crypturellus cinnamomeus","Crypturellus_cinnamomeus","Paleognathae","Paleognaths","Paleognaths","Thicket Tinamou","bow00078","LC","BL3","Tinamidae","Tinamous",1,"TINAMIFORMES","NONPASSERIFORMES","NONPASSERIFORMES"
"8002",11581,"Dicaeum eximium","Dicaeum_eximium","P2","Sunbirds, Flowerpeckers","Sunbirds, Flowerpeckers","Red-banded Flowerpecker","bow11581","LC","BL3","Dicaeidae","Flowerpeckers",181,"PASSERIFORMES","PASSERIFORMES","Passeri"
"7",48,"Dromaius novaehollandiae","Dromaius_novaehollandiae","Paleognathae","Paleognaths","Paleognaths","Emu","bow00048","LC","BL3","Dromaiidae","Emus",5,"CASUARIIFORMES","NONPASSERIFORMES","NONPASSERIFORMES"
"6120",8755,"Dulus dominicus","Dulus_dominicus","M2","Waxwings, Allies","Waxwings, Allies","Palmchat","bow08755","LC","BL3","Dulidae","Palmchat",153,"PASSERIFORMES","PASSERIFORMES","Passeri"
"3599",5199,"Egretta garzetta","Egretta_garzetta","Ardeidae","Herons","Ibises, Herons","Little Egret","bow05199","LC","BL3","Ardeidae","Herons and egrets",25,"PELECANIFORMES","NONPASSERIFORMES","NONPASSERIFORMES"
"2664",3692,"Eurypyga helias","Eurypyga_helias","Skeleton","Sunbittern","Sunbittern","Sunbittern","bow03692","LC","BL3","Eurypygidae","Sunbittern",41,"EURYPYGIFORMES","NONPASSERIFORMES","NONPASSERIFORMES"
"1005",1497,"Eurystomus gularis","Eurystomus_gularis","Coraciidae","Rollers, Ground-Rollers","Bee-eaters, Kingfishers, Motmots, Todies, Rollers, Ground-Rollers","Blue-throated Roller","bow01497","LC","BL3","Coraciidae","Rollers",82,"CORACIIFORMES","NONPASSERIFORMES","NONPASSERIFORMES"
"3697",5397,"Fregata magnificens","Fregata_magnificens","Fregatidae","Cormorants, Anhingas, Gannets, Frigatebirds","Cormorants, Anhingas, Gannets, Frigatebirds","Magnificent Frigatebird","bow05397","LC","BL3","Fregatidae","Frigatebirds",27,"SULIFORMES","NONPASSERIFORMES","NONPASSERIFORMES"
"859",1248,"Galbula dea","Galbula_dea","Galbulidae","Jacamars","Puffbirds, Jacamars","Paradise Jacamar","bow01248","LC","BL3","Galbulidae","Jacamars",96,"PICIFORMES","NONPASSERIFORMES","NONPASSERIFORMES"
"3719",5440,"Gavia stellata","Gavia_stellata","Gaviidae","Loons","Loons","Red-throated Loon","bow05440","LC","BL3","Gaviidae","Loons or divers",16,"GAVIIFORMES","NONPASSERIFORMES","NONPASSERIFORMES"
"3438",4909,"Herpetotheres cachinnans","Herpetotheres_cachinnans","Falconidae","Falcons, Caracaras","Falcons, Caracaras","Laughing Falcon","bow04909","LC","BL3","Falconidae","Falcons and caracaras",35,"FALCONIFORMES","NONPASSERIFORMES","NONPASSERIFORMES"
"2988",4213,"Himantopus himantopus","Himantopus_himantopus","Charadrii","Waders, Allies","Waders, Allies","Black-winged Stilt","bow04213","LC","BL3","Recurvirostridae","Stilts and avocets",53,"CHARADRIIFORMES","NONPASSERIFORMES","NONPASSERIFORMES"
"2964",4164,"Jacana jacana","Jacana_jacana","Scolopaci","Sandpipers, Jacanas, Seedsnipes, Allies","Sandpipers, Jacanas, Seedsnipes, Allies","Wattled Jacana","bow04164","LC","BL3","Jacanidae","Jacanas",56,"CHARADRIIFORMES","NONPASSERIFORMES","NONPASSERIFORMES"
"8738",12517,"Melospiza melodia","Melospiza_melodia","P20b","Buntings, American Sparrows, Brush-Finches","New World Warblers, New World blackbirds, Buntings, American Sparrows, Allies","Song Sparrow","bow12517","LC","BL3","Emberizidae","Buntings, American sparrows and allies",192,"PASSERIFORMES","PASSERIFORMES","Passeri"
"297",448,"Numida meleagris","Numida_meleagris","Numididae","Pheasants, Quail, Guineafowl","Pheasants, Quail, Guineafowl","Helmeted Guineafowl","bow00448","LC","BL3","Numididae","Guineafowl",9,"GALLIFORMES","NONPASSERIFORMES","NONPASSERIFORMES"
"2268",3183,"Nyctibius grandis","Nyctibius_grandis","Nyctibiidae","Potoos","Potoos","Great Potoo","bow03183","LC","BL3","Nyctibiidae","Potoos",74,"CAPRIMULGIFORMES","NONPASSERIFORMES","NONPASSERIFORMES"
"4079",5980,"Onychorhynchus coronatus","Onychorhynchus_coronatus","TitTyranRest","Tyrant-Flycatchers, Cotingas, Allies","Tyrant-Flycatchers, Cotingas, Allies","Amazonian Royal Flycatcher","bow05980","LC","BL3","Tyrannidae","Tyrant-flycatchers",105,"PASSERIFORMES","PASSERIFORMES","Tyranni"
"4379",6330,"Oxyruncus cristatus","Oxyruncus_cristatus","TitTyranRest","Tyrant-Flycatchers, Cotingas, Allies","Tyrant-Flycatchers, Cotingas, Allies","Sharpbill","bow06330","LC","BL3","Cotingidae","Cotingas",104,"PASSERIFORMES","PASSERIFORMES","Tyranni"
"7835",11347,"Panurus biarmicus","Panurus_biarmicus","Skeleton","Bearded Reedling","Larks, Allies","Bearded Parrotbill","bow11347","LC","BL3","Timaliidae","Babblers and parrotbills",163,"PASSERIFORMES","PASSERIFORMES","Passeri"
"8150",11753,"Passer domesticus","Passer_domesticus","P8","Sparrows, Snowfinches, Allies","Sparrows, Snowfinches, Allies","House Sparrow","bow11753","LC","BL3","Passeridae","Sparrows, snowfinches and allies",183,"PASSERIFORMES","PASSERIFORMES","Passeri"
"3520",5048,"Phaethon lepturus","Phaethon_lepturus","Phaethontidae","Tropicbirds","Tropicbirds","White-tailed Tropicbird","bow05048","LC","BL3","Phaethontidae","Tropicbirds",26,"PHAETHONTIFORMES","NONPASSERIFORMES","NONPASSERIFORMES"
"3174",4489,"Phaetusa simplex","Phaetusa_simplex","Lari","Gulls, Terns, Auks, Crab Plover","Gulls, Terns, Auks, Crab Plover","Large-billed Tern","bow04489","LC","BL3","Laridae","Gulls and terns",61,"CHARADRIIFORMES","NONPASSERIFORMES","NONPASSERIFORMES"
"2967",4174,"Pluvianellus socialis","Pluvianellus_socialis","Charadrii","Waders, Allies","Waders, Allies","Magellanic Plover","bow04174","NT","BL3","Chionidae","Sheathbills and allies",49,"CHARADRIIFORMES","NONPASSERIFORMES","NONPASSERIFORMES"
"3705",5416,"Pygoscelis adeliae","Pygoscelis_adeliae","Spheniscidae","Penguins","Penguins","Adelie Penguin","bow05416","LC","BL3","Spheniscidae","Penguins",15,"SPHENISCIFORMES","NONPASSERIFORMES","NONPASSERIFORMES"
"3062",4321,"Rhinoptilus africanus","Rhinoptilus_africanus","Lari","Gulls, Terns, Auks, Crab Plover","Gulls, Terns, Auks, Crab Plover","Double-banded Courser","bow04321","LC","BL3","Glareolidae","Coursers and pratincoles",60,"CHARADRIIFORMES","NONPASSERIFORMES","NONPASSERIFORMES"
"2955",4152,"Rostratula benghalensis","Rostratula_benghalensis","Scolopaci","Sandpipers, Jacanas, Seedsnipes, Allies","Sandpipers, Jacanas, Seedsnipes, Allies","Greater Painted-snipe","bow04152","LC","BL3","Rostratulidae","Painted-snipes",55,"CHARADRIIFORMES","NONPASSERIFORMES","NONPASSERIFORMES"
"1026",1535,"Todus mexicanus","Todus_mexicanus","Todidae","Kingfishers, Motmots, Todies","Bee-eaters, Kingfishers, Motmots, Todies, Rollers, Ground-Rollers","Puerto Rican Tody","bow01535","LC","BL3","Todidae","Todies",86,"CORACIIFORMES","NONPASSERIFORMES","NONPASSERIFORMES"
"496",794,"Turnix velox","Turnix_velox","Turnicidae","Buttonquails","Buttonquails","Little Buttonquail","bow00794","LC","BL3","Turnicidae","Buttonquails",47,"CHARADRIIFORMES","NONPASSERIFORMES","NONPASSERIFORMES"
"2068",2878,"Tyto alba","Tyto_alba","Tytonidae","Barn Owls","Owls, Barn Owls","Barn Owl","bow02878","LC","BL3","Tytonidae","Barn owls",70,"STRIGIFORMES","NONPASSERIFORMES","NONPASSERIFORMES"
"5559",7989,"Aphelocoma coerulescens","Aphelocoma_coerulescens","CC8","Shrikes, Monarchs, Drongos, Fantails, Birds Of Paradise, Crows, Jays, Allies","Cuckoo-Shrikes, Helmetshrikes, Shrike-Flycatchers, Vangas, Whipbirds, Shrike-Thrushes, Whistlers, Shrikes, Monarchs, Vireos, Orioles, Drongos, Fantails, Birds Of Paradise, Crows, Jays, Allies","Florida Scrub-jay","bow07989","VU","BL3","Corvidae","Crows and jays",147,"PASSERIFORMES","PASSERIFORMES","Passeri"
"335",555,"Anseranas semipalmata","Anseranas_semipalmata","Skeleton","Ducks, Geese, Other Waterfowl, Screamers","Ducks, Geese, Other Waterfowl, Screamers","Magpie Goose","bow00555","LC","BL3","Anseranatidae","Magpie Goose",13,"ANSERIFORMES","NONPASSERIFORMES","NONPASSERIFORMES"
"2691",3734,"Balearica regulorum","Balearica_regulorum","Gruidae","Cranes, Trumpeters, Limpkin","Cranes, Trumpeters, Limpkin","Grey Crowned-crane","bow03734","VU","BL3","Gruidae","Cranes",45,"GRUIFORMES","NONPASSERIFORMES","NONPASSERIFORMES"
"305",464,"Callipepla squamata","Callipepla_squamata","Odontophoridae","Pheasants, Quail, Guineafowl","Pheasants, Quail, Guineafowl","Scaled Quail","bow00464","LC","BL3","Odontophoridae","New World quails",10,"GALLIFORMES","NONPASSERIFORMES","NONPASSERIFORMES"
"334",553,"Chauna torquata","Chauna_torquata","Anhimidae","Ducks, Geese, Other Waterfowl, Screamers","Ducks, Geese, Other Waterfowl, Screamers","Southern Screamer","bow00553","LC","BL3","Anhimidae","Screamers",12,"ANSERIFORMES","NONPASSERIFORMES","NONPASSERIFORMES"
"1163",1747,"Cuculus canorus","Cuculus_canorus","Cuculidae","Cuckoos","Cuckoos","Common Cuckoo","bow01747","LC","BL3","Cuculidae","Cuckoos",67,"CUCULIFORMES","NONPASSERIFORMES","NONPASSERIFORMES"
"5551",7942,"Eulacestoma nigropectus","Eulacestoma_nigropectus","CC5CC6d","Whipbirds, Quail-Thrushes, Allies","Cuckoo-Shrikes, Helmetshrikes, Shrike-Flycatchers, Vangas, Whipbirds, Shrike-Thrushes, Whistlers, Shrikes, Monarchs, Vireos, Orioles, Drongos, Fantails, Birds Of Paradise, Crows, Jays, Allies","Wattled Ploughbill","bow07942","LC","BL3","Falcunculidae","Shrike-tits",138,"PASSERIFORMES","PASSERIFORMES","Passeri"
"4919",6959,"Formicarius rufipectus","Formicarius_rufipectus","Antthrushes","Antthrushes","Ovenbirds, Woodcreepers, Antthrushes","Rufous-breasted Antthrush","bow06959","LC","BL3","Formicariidae","Antthrushes and antpittas",109,"PASSERIFORMES","PASSERIFORMES","Tyranni"
"7484",10911,"Hylia prasina","Hylia_prasina","S7S8","Leaf-Warblers, Bush-Warblers, Long-tailed Tits","Leaf-Warblers, Bush-Warblers, Long-tailed Tits","Green Hylia","bow10911","LC","BL3","Sylviidae","Old World warblers",161,"PASSERIFORMES","PASSERIFORMES","Passeri"
"5076",7261,"Malurus elegans","Malurus_elegans","BC4","Australasian Wrens","Honeyeaters, Thornbills, Bristlebirds, Australasian Wrens, Allies","Red-winged Fairywren","bow07261","LC","BL3","Maluridae","Australasian wrens",116,"PASSERIFORMES","PASSERIFORMES","Passeri"
"4092",5997,"Neopipo cinnamomea","Neopipo_cinnamomea","TitTyranRest","Tyrant-Flycatchers, Cotingas, Allies","Tyrant-Flycatchers, Cotingas, Allies","Cinnamon Manakin-tyrant","bow05997","LC","BL3","Tyrannidae","Tyrant-flycatchers",105,"PASSERIFORMES","PASSERIFORMES","Tyranni"
"1282",1906,"Opisthocomus hoazin","Opisthocomus_hoazin","Skeleton","Hoatzin","Hoatzin","Hoatzin","bow01906","LC","BL3","Opisthocomidae","Hoatzin",69,"OPISTHOCOMIFORMES","NONPASSERIFORMES","NONPASSERIFORMES"
"5268",7500,"Pardalotus punctatus","Pardalotus_punctatus","BC7","Honeyeaters","Honeyeaters, Thornbills, Bristlebirds, Australasian Wrens, Allies","Spotted Pardalote","bow07500","LC","BL3","Pardalotidae","Pardalotes",119,"PASSERIFORMES","PASSERIFORMES","Passeri"
"81",162,"Penelope pileata","Penelope_pileata","Cracidae","Curassows, Chacalacas, Guans","Curassows, Chacalacas, Guans","White-crested Guan","bow00162","NT","BL3","Cracidae","Guans and curassows",8,"GALLIFORMES","NONPASSERIFORMES","NONPASSERIFORMES"
"3510",5012,"Podiceps cristatus","Podiceps_cristatus","Podicipedidae","Grebes","Flamingos, Grebes","Great Crested Grebe","bow05012","LC","BL3","Podicipedidae","Grebes",21,"PODICIPEDIFORMES","NONPASSERIFORMES","NONPASSERIFORMES"
"2",37,"Rhea americana","Rhea_americana","Paleognathae","Paleognaths","Paleognaths","Greater Rhea","bow00037","NT","BL3","Rheidae","Rheas",3,"RHEIFORMES","NONPASSERIFORMES","NONPASSERIFORMES"
"5023",7087,"Scytalopus superciliaris","Scytalopus_superciliaris","Rhinocryptidae","Tapaculos","Antpittas, Tapaculos","White-browed Tapaculo","bow07087","LC","BL3","Rhinocryptidae","Tapaculos",108,"PASSERIFORMES","PASSERIFORMES","Tyranni"
"3875",5718,"Serilophus lunatus","Serilophus_lunatus","EurylaimidaePittidae","Broadbills, Pittas, Asities, Allies","Broadbills, Pittas, Asities, Allies","Silver-breasted Broadbill","bow05718","LC","BL3","Eurylaimidae","Broadbills",99,"PASSERIFORMES","PASSERIFORMES","Tyranni"
"1",28,"Struthio camelus","Struthio_camelus","Paleognathae","Paleognaths","Paleognaths","Ostrich","bow00028","LC","BL3","Struthionidae","Ostriches",2,"STRUTHIONIFORMES","NONPASSERIFORMES","NONPASSERIFORMES"
"3527",5059,"Sula dactylatra","Sula_dactylatra","Sulidae","Cormorants, Anhingas, Gannets, Frigatebirds","Cormorants, Anhingas, Gannets, Frigatebirds","Masked Booby","bow05059","LC","BL3","Sulidae","Gannets and boobies",31,"SULIFORMES","NONPASSERIFORMES","NONPASSERIFORMES"
"2866",4022,"Thinocorus orbignyianus","Thinocorus_orbignyianus","Scolopaci","Sandpipers, Jacanas, Seedsnipes, Allies","Sandpipers, Jacanas, Seedsnipes, Allies","Grey-breasted Seedsnipe","bow04022","LC","BL3","Thinocoridae","Seedsnipes",58,"CHARADRIIFORMES","NONPASSERIFORMES","NONPASSERIFORMES"
"949",1384,"Upupa epops","Upupa_epops","Skeleton","Woodhoopoes, Hoopoe","Hornbills, Woodhoopoes, Hoopoe","Eurasian Hoopoe","bow01384","LC","BL3","Upupidae","Hoopoes",89,"BUCEROTIFORMES","NONPASSERIFORMES","NONPASSERIFORMES"
"1019",1521,"Baryphthengus martii","Baryphthengus_martii","Motmotidae","Kingfishers, Motmots, Todies","Bee-eaters, Kingfishers, Motmots, Todies, Rollers, Ground-Rollers","Rufous Motmot","bow01521","LC","BL3","Momotidae","Motmots",87,"CORACIIFORMES","NONPASSERIFORMES","NONPASSERIFORMES"
"5188",7403,"Notiomystis cincta","Notiomystis_cincta","CC1","Berrypeckers, Satinbirds, Allies","Berrypeckers, Satinbirds, Allies","Stitchbird","bow07403","VU","BL3","Meliphagidae","Honeyeaters",117,"PASSERIFORMES","PASSERIFORMES","Passeri"
"5378",7669,"Drymodes brunneopygia","Drymodes_brunneopygia","Petroicidae","Australasian Robins","Australasian Robins","Southern Scrub-robin","bow07669","LC","BL3","Petroicidae","Australasian robins",150,"PASSERIFORMES","PASSERIFORMES","Passeri"
"869",1262,"Bucco capensis","Bucco_capensis","Bucconidae","Puffbirds","Puffbirds, Jacamars","Collared Puffbird","bow01262","LC","BL3","Bucconidae","Puffbirds",97,"PICIFORMES","NONPASSERIFORMES","NONPASSERIFORMES"
"191",303,"Coturnix japonica","Coturnix_japonica","Phasianidae","Pheasants, Quail, Guineafowl","Pheasants, Quail, Guineafowl","Japanese Quail","bow00303","NT","BL3","Phasianidae","Grouse, pheasants and partridges",11,"GALLIFORMES","NONPASSERIFORMES","NONPASSERIFORMES"
"7079",10305,"Nicator chloris","Nicator_chloris","S5","Nicators","Nicators","Yellow-spotted Nicator","bow10305","LC","BL3","Pycnonotidae","Bulbuls",160,"PASSERIFORMES","PASSERIFORMES","Passeri"
"7665",11151,"Pomatorhinus ruficollis","Pomatorhinus_ruficollis","S13","Whiteyes, Babblers I, Parrotbills","Whiteyes, Babblers, Parrotbills, Old World Warblers II, Allies","Streak-breasted Scimitar-babbler","bow11151","LC","BL3","Timaliidae","Babblers and parrotbills",163,"PASSERIFORMES","PASSERIFORMES","Passeri"
"1013",1512,"Leptosomus discolor","Leptosomus_discolor","Skeleton","Cuckoo-Roller","Cuckoo-Roller","Cuckoo-roller","bow01512","LC","BL3","Leptosomidae","Cuckoo-Roller",84,"LEPTOSOMIFORMES","NONPASSERIFORMES","NONPASSERIFORMES"
"5518",7905,"Pachycephala philippinensis","Pachycephala_philippinensis","CC5CC6b","Whistlers, Allies","Cuckoo-Shrikes, Helmetshrikes, Shrike-Flycatchers, Vangas, Whipbirds, Shrike-Thrushes, Whistlers, Shrikes, Monarchs, Vireos, Orioles, Drongos, Fantails, Birds Of Paradise, Crows, Jays, Allies","Yellow-bellied Whistler","bow07905","LC","BL3","Pachycephalidae","Whistlers",139,"PASSERIFORMES","PASSERIFORMES","Passeri"
"9026",12876,"Rhodinocichla rosea","Rhodinocichla_rosea","P17P18","Tanagers I, Allies","Tanagers, Flowerpiercers, Conebills, Seedeaters, Warbling-finches, Grosbeaks, Saltators, Allies","Rosy Thrush-tanager","bow12876","LC","BL3","Thraupidae","Tanagers",193,"PASSERIFORMES","PASSERIFORMES","Passeri"
"5459",7797,"Vireo altiloquus","Vireo_altiloquus","CC3","Vireos, Allies","Cuckoo-Shrikes, Helmetshrikes, Shrike-Flycatchers, Vangas, Whipbirds, Shrike-Thrushes, Whistlers, Shrikes, Monarchs, Vireos, Orioles, Drongos, Fantails, Birds Of Paradise, Crows, Jays, Allies","Black-whiskered Vireo","bow07797","LC","BL3","Vireonidae","Vireos and allies",141,"PASSERIFORMES","PASSERIFORMES","Passeri"
"1283",1922,"Probosciger aterrimus","Probosciger_aterrimus","Cacatuidae","Parrots","Parrots","Palm Cockatoo","bow01922","LC","BL3","Psittacidae","Parrots",68,"PSITTACIFORMES","NONPASSERIFORMES","NONPASSERIFORMES"
"2163",2993,"Strix occidentalis","Strix_occidentalis","Strigidae","Owls","Owls, Barn Owls","Spotted Owl","bow02993","NT","BL3","Strigidae","Owls",71,"STRIGIFORMES","NONPASSERIFORMES","NONPASSERIFORMES"
"2708",3758,"Heliornis fulica","Heliornis_fulica","Rallidae","Rails, Finfoots","Rails, Finfoots","Sungrebe","bow03758","LC","BL3","Heliornithidae","Finfoots",43,"GRUIFORMES","NONPASSERIFORMES","NONPASSERIFORMES"
"5481",7834,"Psophodes occidentalis","Psophodes_occidentalis","CC5CC6d","Whipbirds, Quail-Thrushes, Allies","Cuckoo-Shrikes, Helmetshrikes, Shrike-Flycatchers, Vangas, Whipbirds, Shrike-Thrushes, Whistlers, Shrikes, Monarchs, Vireos, Orioles, Drongos, Fantails, Birds Of Paradise, Crows, Jays, Allies","Chiming Wedgebill","bow07834","LC","BL3","Eupetidae","Whipbirds, wedgebills and jewel-babblers",126,"PASSERIFORMES","PASSERIFORMES","Passeri"
"6736",9649,"Tichodroma muraria","Tichodroma_muraria","M1","Wrens, Gnatcatchers, Nuthatches, Wallcreeper, Treecreepers","Wrens, Gnatcatchers, Nuthatches, Wallcreeper, Treecreepers","Wallcreeper","bow09649","LC","BL3","Sittidae","Nuthatches and Wallcreeper",173,"PASSERIFORMES","PASSERIFORMES","Passeri"
"5492",7851,"Ifrita kowaldi","Ifrita_kowaldi","CC8","Shrikes, Monarchs, Drongos, Fantails, Birds Of Paradise, Crows, Jays, Allies","Cuckoo-Shrikes, Helmetshrikes, Shrike-Flycatchers, Vangas, Whipbirds, Shrike-Thrushes, Whistlers, Shrikes, Monarchs, Vireos, Orioles, Drongos, Fantails, Birds Of Paradise, Crows, Jays, Allies","Ifrit","bow07851","LC","BL3","Orthonychidae","Logrunners",122,"PASSERIFORMES","PASSERIFORMES","Passeri"
"8147",11747,"Oreocharis arfaki","Oreocharis_arfaki","CC5CC6c","Orioles, Allies","Cuckoo-Shrikes, Helmetshrikes, Shrike-Flycatchers, Vangas, Whipbirds, Shrike-Thrushes, Whistlers, Shrikes, Monarchs, Vireos, Orioles, Drongos, Fantails, Birds Of Paradise, Crows, Jays, Allies","Tit Berrypecker","bow11747","LC","BL3","Melanocharitidae","Berrypeckers",124,"PASSERIFORMES","PASSERIFORMES","Passeri"
"7004",10186,"Pycnonotus jocosus","Pycnonotus_jocosus","S9","Bulbuls, Allies","Bulbuls, Allies","Red-whiskered Bulbul","bow10186","LC","BL3","Pycnonotidae","Bulbuls",160,"PASSERIFORMES","PASSERIFORMES","Passeri"
"3079",4346,"Stercorarius parasiticus","Stercorarius_parasiticus","Lari","Gulls, Terns, Auks, Crab Plover","Gulls, Terns, Auks, Crab Plover","Parasitic Jaeger","bow04346","LC","BL3","Stercorariidae","Skuas and jaegers",62,"CHARADRIIFORMES","NONPASSERIFORMES","NONPASSERIFORMES"
"6217",8902,"Catharus fuscescens","Catharus_fuscescens","M5","Thrushes","Thrushes, Dippers, Chats, Old World Flycatchers","Veery","bow08902","LC","BL3","Turdidae","Thrushes",178,"PASSERIFORMES","PASSERIFORMES","Passeri"
"3530",5069,"Anhinga anhinga","Anhinga_anhinga","Anhingidae","Cormorants, Anhingas, Gannets, Frigatebirds","Cormorants, Anhingas, Gannets, Frigatebirds","Anhinga","bow05069","LC","BL3","Anhingidae","Anhingas",33,"SULIFORMES","NONPASSERIFORMES","NONPASSERIFORMES"
"2987",4212,"Ibidorhyncha struthersii","Ibidorhyncha_struthersii","Charadrii","Waders, Allies","Waders, Allies","Ibisbill","bow04212","LC","BL3","Ibidorhynchidae","Ibisbill",52,"CHARADRIIFORMES","NONPASSERIFORMES","NONPASSERIFORMES"
"5750",8269,"Oriolus oriolus","Oriolus_oriolus","CC5CC6c","Orioles, Allies","Cuckoo-Shrikes, Helmetshrikes, Shrike-Flycatchers, Vangas, Whipbirds, Shrike-Thrushes, Whistlers, Shrikes, Monarchs, Vireos, Orioles, Drongos, Fantails, Birds Of Paradise, Crows, Jays, Allies","Eurasian Golden Oriole","bow08269","LC","BL3","Oriolidae","Orioles and figbirds",142,"PASSERIFORMES","PASSERIFORMES","Passeri"
"2360",3315,"Columba livia","Columba_livia","Columbidae","Pigeons, Doves","Pigeons, Doves","Rock Pigeon","bow03315","LC","BL3","Columbidae","Doves and pigeons",65,"COLUMBIFORMES","NONPASSERIFORMES","NONPASSERIFORMES"
"6846",9834,"Anthoscopus minutus","Anthoscopus_minutus","S2","Tits, Chickadees, Penduline-Tits, Allies","Tits, Chickadees, Penduline-Tits, Allies","Southern Penduline-tit","bow09834","LC","BL3","Remizidae","Penduline-tits",155,"PASSERIFORMES","PASSERIFORMES","Passeri"
"5913",8454,"Dicrurus megarhynchus","Dicrurus_megarhynchus","CC8","Shrikes, Monarchs, Drongos, Fantails, Birds Of Paradise, Crows, Jays, Allies","Cuckoo-Shrikes, Helmetshrikes, Shrike-Flycatchers, Vangas, Whipbirds, Shrike-Thrushes, Whistlers, Shrikes, Monarchs, Vireos, Orioles, Drongos, Fantails, Birds Of Paradise, Crows, Jays, Allies","Ribbon-tailed Drongo","bow08454","LC","BL3","Dicruridae","Drongos",144,"PASSERIFORMES","PASSERIFORMES","Passeri"
"7328",10683,"Hypocryptadius cinnamomeus","Hypocryptadius_cinnamomeus","S13","Whiteyes, Babblers I, Parrotbills","Whiteyes, Babblers, Parrotbills, Old World Warblers II, Allies","Cinnamon Ibon","bow10683","LC","BL3","Zosteropidae","White-eyes",164,"PASSERIFORMES","PASSERIFORMES","Passeri"
"3005",4241,"Charadrius vociferus","Charadrius_vociferus","Charadrii","Waders, Allies","Waders, Allies","Killdeer","bow04241","LC","BL3","Charadriidae","Plovers",54,"CHARADRIIFORMES","NONPASSERIFORMES","NONPASSERIFORMES"
"6739",9657,"Certhia brachydactyla","Certhia_brachydactyla","M1","Wrens, Gnatcatchers, Nuthatches, Wallcreeper, Treecreepers","Wrens, Gnatcatchers, Nuthatches, Wallcreeper, Treecreepers","Short-toed Treecreeper","bow09657","LC","BL3","Certhiidae","Treecreepers",174,"PASSERIFORMES","PASSERIFORMES","Passeri"
"5505",7892,"Aleadryas rufinucha","Aleadryas_rufinucha","CC5CC6a","Pitohui, Allies","Cuckoo-Shrikes, Helmetshrikes, Shrike-Flycatchers, Vangas, Whipbirds, Shrike-Thrushes, Whistlers, Shrikes, Monarchs, Vireos, Orioles, Drongos, Fantails, Birds Of Paradise, Crows, Jays, Allies","Rufous-naped Whistler","bow07892","LC","BL3","Pachycephalidae","Whistlers",139,"PASSERIFORMES","PASSERIFORMES","Passeri"
"4661",6661,"Furnarius figulus","Furnarius_figulus","Furnaridae","Ovenbirds, Woodcreepers","Ovenbirds, Woodcreepers, Antthrushes","Wing-banded Hornero","bow06661","LC","BL3","Furnariidae","Ovenbirds",110,"PASSERIFORMES","PASSERIFORMES","Tyranni"
"1144",1694,"Colius striatus","Colius_striatus","Coliidae","Mousebirds","Mousebirds","Speckled Mousebird","bow01694","LC","BL3","Coliidae","Mousebirds",80,"COLIIFORMES","NONPASSERIFORMES","NONPASSERIFORMES"
"6900",9964,"Aegithalos caudatus","Aegithalos_caudatus","S7S8","Leaf-Warblers, Bush-Warblers, Long-tailed Tits","Leaf-Warblers, Bush-Warblers, Long-tailed Tits","Long-tailed Tit","bow09964","LC","BL3","Aegithalidae","Long-tailed Tits",157,"PASSERIFORMES","PASSERIFORMES","Passeri"
"2972",4183,"Burhinus bistriatus","Burhinus_bistriatus","Charadrii","Waders, Allies","Waders, Allies","Double-striped Thick-knee","bow04183","LC","BL3","Burhinidae","Thick-knees",48,"CHARADRIIFORMES","NONPASSERIFORMES","NONPASSERIFORMES"
"9362",13254,"Geospiza fortis","Geospiza_fortis","P17P18","Tanagers I, Allies","Tanagers, Flowerpiercers, Conebills, Seedeaters, Warbling-finches, Grosbeaks, Saltators, Allies","Medium Ground-finch","bow13254","LC","BL3","Emberizidae","Buntings, American sparrows and allies",192,"PASSERIFORMES","PASSERIFORMES","Passeri"
"5409",7719,"Lanius ludovicianus","Lanius_ludovicianus","CC8","Shrikes, Monarchs, Drongos, Fantails, Birds Of Paradise, Crows, Jays, Allies","Cuckoo-Shrikes, Helmetshrikes, Shrike-Flycatchers, Vangas, Whipbirds, Shrike-Thrushes, Whistlers, Shrikes, Monarchs, Vireos, Orioles, Drongos, Fantails, Birds Of Paradise, Crows, Jays, Allies","Loggerhead Shrike","bow07719","LC","BL3","Laniidae","Shrikes",140,"PASSERIFORMES","PASSERIFORMES","Passeri"
"7830",11341,"Erpornis zantholeuca","Erpornis_zantholeuca","CC3","Vireos, Allies","Cuckoo-Shrikes, Helmetshrikes, Shrike-Flycatchers, Vangas, Whipbirds, Shrike-Thrushes, Whistlers, Shrikes, Monarchs, Vireos, Orioles, Drongos, Fantails, Birds Of Paradise, Crows, Jays, Allies","White-bellied Yuhina","bow11341","LC","BL3","Timaliidae","Babblers and parrotbills",163,"PASSERIFORMES","PASSERIFORMES","Passeri"
"107",195,"Alectura lathami","Alectura_lathami","Megapodiidae","Megapodes","Megapodes","Australian Brush-turkey","bow00195","LC","BL3","Megapodiidae","Megapodes",7,"GALLIFORMES","NONPASSERIFORMES","NONPASSERIFORMES"
"8529",12242,"Peucedramus taeniatus","Peucedramus_taeniatus","P5","Accentors, Olive Warbler","Accentors, Olive Warbler","Olive Warbler","bow12242","LC","BL3","Peucedramidae","Olive Warbler",187,"PASSERIFORMES","PASSERIFORMES","Passeri"
"5502",7882,"Rhagologus leucostigma","Rhagologus_leucostigma","CC7","Shrike-Flycatchers, Helmetshrikes, Vangas, Butcherbirds, Woodswallows, Allies","Cuckoo-Shrikes, Helmetshrikes, Shrike-Flycatchers, Vangas, Whipbirds, Shrike-Thrushes, Whistlers, Shrikes, Monarchs, Vireos, Orioles, Drongos, Fantails, Birds Of Paradise, Crows, Jays, Allies","Mottled Whistler","bow07882","LC","BL3","Pachycephalidae","Whistlers",139,"PASSERIFORMES","PASSERIFORMES","Passeri"
"956",1400,"Rhinopomastus cyanomelas","Rhinopomastus_cyanomelas","Phoeniculidae","Woodhoopoes, Hoopoe","Hornbills, Woodhoopoes, Hoopoe","Common Scimitarbill","bow01400","LC","BL3","Phoeniculidae","Woodhoopoes",90,"BUCEROTIFORMES","NONPASSERIFORMES","NONPASSERIFORMES"
"4851",6871,"Sclerurus mexicanus","Sclerurus_mexicanus","Furnaridae","Ovenbirds, Woodcreepers","Ovenbirds, Woodcreepers, Antthrushes","Tawny-throated Leaftosser","bow06871","LC","BL3","Furnariidae","Ovenbirds",110,"PASSERIFORMES","PASSERIFORMES","Tyranni"
"4616",6606,"Rhegmatorhina hoffmannsi","Rhegmatorhina_hoffmannsi","Thamnophilidae","Antbirds","Antbirds","White-breasted Antbird","bow06606","LC","BL3","Thamnophilidae","Antbirds",106,"PASSERIFORMES","PASSERIFORMES","Tyranni"
"6117",8742,"Chaetops frenatus","Chaetops_frenatus","ChaetopsPicathartes","Rockjumpers, Rockfowl","Rockjumpers, Rockfowl","Cape Rock-jumper","bow08742","LC","BL3","Turdidae","Thrushes",178,"PASSERIFORMES","PASSERIFORMES","Passeri"
"3546",5094,"Phalacrocorax carbo","Phalacrocorax_carbo","Phalacrocoracidae","Cormorants, Anhingas, Gannets, Frigatebirds","Cormorants, Anhingas, Gannets, Frigatebirds","Great Cormorant","bow05094","LC","BL3","Phalacrocoracidae","Cormorants",32,"SULIFORMES","NONPASSERIFORMES","NONPASSERIFORMES"
"4304",6244,"Pachyramphus minor","Pachyramphus_minor","TitTyranRest","Tyrant-Flycatchers, Cotingas, Allies","Tyrant-Flycatchers, Cotingas, Allies","Pink-throated Becard","bow06244","LC","BL3","Cotingidae","Cotingas",104,"PASSERIFORMES","PASSERIFORMES","Tyranni"
"6125",8766,"Bombycilla garrulus","Bombycilla_garrulus","M2","Waxwings, Allies","Waxwings, Allies","Bohemian Waxwing","bow08766","LC","BL3","Bombycillidae","Waxwings",152,"PASSERIFORMES","PASSERIFORMES","Passeri"
"6022",8592,"Dryoscopus gambensis","Dryoscopus_gambensis","CC7","Shrike-Flycatchers, Helmetshrikes, Vangas, Butcherbirds, Woodswallows, Allies","Cuckoo-Shrikes, Helmetshrikes, Shrike-Flycatchers, Vangas, Whipbirds, Shrike-Thrushes, Whistlers, Shrikes, Monarchs, Vireos, Orioles, Drongos, Fantails, Birds Of Paradise, Crows, Jays, Allies","Northern Puffback","bow08592","LC","BL3","Malaconotidae","Helmetshrikes, bushshrikes and puffbacks",129,"PASSERIFORMES","PASSERIFORMES","Passeri"
"2849",4000,"Syrrhaptes paradoxus","Syrrhaptes_paradoxus","Pteroclidae","Sandgrouse","Sandgrouse","Pallas's Sandgrouse","bow04000","LC","BL3","Pteroclididae","Sandgrouse",64,"PTEROCLIDIFORMES","NONPASSERIFORMES","NONPASSERIFORMES"
"7468",10888,"Sylvietta virens","Sylvietta_virens","S4","African Warblers","African Warblers","Green Crombec","bow10888","LC","BL3","Sylviidae","Old World warblers",161,"PASSERIFORMES","PASSERIFORMES","Passeri"
"2712",3769,"Cariama cristata","Cariama_cristata","Skeleton","Seriemas","Seriemas","Red-legged Seriema","bow03769","LC","BL3","Cariamidae","Seriemas",39,"CARIAMIFORMES","NONPASSERIFORMES","NONPASSERIFORMES"
"5274",7517,"Dasyornis broadbenti","Dasyornis_broadbenti","Skeleton","Bristlebirds","Honeyeaters, Thornbills, Bristlebirds, Australasian Wrens, Allies","Rufous Bristlebird","bow07517","LC","BL3","Dasyornithidae","Bristlebirds",118,"PASSERIFORMES","PASSERIFORMES","Passeri"
"1008",1503,"Brachypteracias leptosomus","Brachypteracias_leptosomus","Brachypteraciidae","Rollers, Ground-Rollers","Bee-eaters, Kingfishers, Motmots, Todies, Rollers, Ground-Rollers","Short-legged Ground-roller","bow01503","VU","BL3","Brachypteraciidae","Ground-rollers",83,"CORACIIFORMES","NONPASSERIFORMES","NONPASSERIFORMES"
"6882",9922,"Parus major","Parus_major","S2","Tits, Chickadees, Penduline-Tits, Allies","Tits, Chickadees, Penduline-Tits, Allies","Great Tit","bow09922","LC","BL3","Paridae","Tits and chickadees",154,"PASSERIFORMES","PASSERIFORMES","Passeri"
"7857",11372,"Rhabdornis inornatus","Rhabdornis_inornatus","M4","Mockingbirds, Thrashers, Philippine Creepers, Starlings","Mockingbirds, Thrashers, Philippine Creepers, Starlings","Stripe-breasted Rhabdornis","bow11372","LC","BL3","Rhabdornithidae","Philippine creepers",176,"PASSERIFORMES","PASSERIFORMES","Passeri"
"6220",8906,"Catharus ustulatus","Catharus_ustulatus","M5","Thrushes","Thrushes, Dippers, Chats, Old World Flycatchers","Swainson's Thrush","bow08906","LC","BL3","Turdidae","Thrushes",178,"PASSERIFORMES","PASSERIFORMES","Passeri"
"6744",9667,"Donacobius atricapilla","Donacobius_atricapilla","S11","Old World Warblers I","Old World Warblers I","Black-capped Donacobius","bow09667","LC","BL3","Mimidae","Mockingbirds and thrashers",175,"PASSERIFORMES","PASSERIFORMES","Passeri"
"8649",12397,"Loxia leucoptera","Loxia_leucoptera","P10","Finches, Allies","Finches, Allies","White-winged Crossbill","bow12397","LC","BL3","Fringillidae","Finches and Hawaiian honeycreepers",188,"PASSERIFORMES","PASSERIFORMES","Passeri"
"6242",8941,"Turdus merula","Turdus_merula","M5","Thrushes","Thrushes, Dippers, Chats, Old World Flycatchers","Eurasian Blackbird","bow08941","LC","BL3","Turdidae","Thrushes",178,"PASSERIFORMES","PASSERIFORMES","Passeri"
"5918",8466,"Erythrocercus mccallii","Erythrocercus_mccallii","S7S8","Leaf-Warblers, Bush-Warblers, Long-tailed Tits","Leaf-Warblers, Bush-Warblers, Long-tailed Tits","Chestnut-capped Flycatcher","bow08466","LC","BL3","Monarchidae","Monarchs",146,"PASSERIFORMES","PASSERIFORMES","Passeri"
"5380",7678,"Irena cyanogastra","Irena_cyanogastra","P3","Leafbirds, Fairy-Bluebirds","Leafbirds, Fairy-Bluebirds","Philippine Fairy-bluebird","bow07678","LC","BL3","Irenidae","Fairy-bluebirds",165,"PASSERIFORMES","PASSERIFORMES","Passeri"
"4913",6948,"Campylorhamphus procurvoides","Campylorhamphus_procurvoides","Furnaridae","Ovenbirds, Woodcreepers","Ovenbirds, Woodcreepers, Antthrushes","Curve-billed Scythebill","bow06948","LC","BL3","Dendrocolaptidae","Woodcreepers",111,"PASSERIFORMES","PASSERIFORMES","Tyranni"
"9512",13450,"Molothrus ater","Molothrus_ater","P21","New World Blackbirds","New World warblers, New World Blackbirds, Buntings, American Sparrows, Allies","Brown-headed Cowbird","bow13450","LC","BL3","Icteridae","New World blackbirds",190,"PASSERIFORMES","PASSERIFORMES","Passeri"
"5384",7682,"Chloropsis cyanopogon","Chloropsis_cyanopogon","P3","Leafbirds, Fairy-Bluebirds","Leafbirds, Fairy-Bluebirds","Lesser Green Leafbird","bow07682","NT","BL3","Chloropseidae","Leafbirds",180,"PASSERIFORMES","PASSERIFORMES","Passeri"
"4431",6391,"Piprites chloris","Piprites_chloris","TitTyranRest","Tyrant-Flycatchers, Cotingas, Allies","Tyrant-Flycatchers, Cotingas, Allies","Wing-barred Piprites","bow06391","LC","BL3","Pipridae","Manakins",103,"PASSERIFORMES","PASSERIFORMES","Tyranni"
"8743",12524,"Zonotrichia albicollis","Zonotrichia_albicollis","P20b","Buntings, American Sparrows, Brush-Finches","New World Warblers, New World blackbirds, Buntings, American Sparrows, Allies","White-throated Sparrow","bow12524","LC","BL3","Emberizidae","Buntings, American sparrows and allies",192,"PASSERIFORMES","PASSERIFORMES","Passeri"
"2846",3954,"Mesitornis unicolor","Mesitornis_unicolor","Skeleton","Mesites","Mesites","Brown Mesite","bow03954","VU","BL3","Mesitornithidae","Mesites",38,"MESITORNITHIFORMES","NONPASSERIFORMES","NONPASSERIFORMES"
"6712",9616,"Sitta europaea","Sitta_europaea","M1","Wrens, Gnatcatchers, Nuthatches, Wallcreeper, Treecreepers","Wrens, Gnatcatchers, Nuthatches, Wallcreeper, Treecreepers","Wood Nuthatch","bow09616","LC","BL3","Sittidae","Nuthatches and Wallcreeper",173,"PASSERIFORMES","PASSERIFORMES","Passeri"
"3888",5764,"Mionectes macconnelli","Mionectes_macconnelli","TitTyranRest","Tyrant-Flycatchers, Cotingas, Allies","Tyrant-Flycatchers, Cotingas, Allies","MacConnell's Flycatcher","bow05764","LC","BL3","Tyrannidae","Tyrant-flycatchers",105,"PASSERIFORMES","PASSERIFORMES","Tyranni"
"9837",19950,"Hypocnemis ochrogyna","Hypocnemis_ochrogyna","Thamnophilidae","Antbirds","Antbirds","Rondonia Warbling-antbird","bow19950","LC","BL3","Thamnophilidae","Antbirds",106,"PASSERIFORMES","PASSERIFORMES","Tyranni"
"3243",4637,"Haliaeetus leucocephalus","Haliaeetus_leucocephalus","Accipitridae","Hawks, Eagles, Secretarybird","Hawks, Eagles, Secretarybird","Bald Eagle","bow04637","LC","BL3","Accipitridae","Osprey, kites, hawks and eagles",36,"ACCIPITRIFORMES","NONPASSERIFORMES","NONPASSERIFORMES"
"4931",6975,"Grallaria varia","Grallaria_varia","Antpittas","Antpittas","Antpittas, Tapaculos","Variegated Antpitta","bow06975","LC","BL3","Formicariidae","Antthrushes and antpittas",109,"PASSERIFORMES","PASSERIFORMES","Tyranni"
"775",1132,"Tricholaema leucomelas","Tricholaema_leucomelas","Ramphastidae","Toucans, Barbets","Woodpeckers, Honeyguides, Toucans, Barbets","Pied Barbet","bow01132","LC","BL3","Ramphastidae","Toucans and barbets",93,"PICIFORMES","NONPASSERIFORMES","NONPASSERIFORMES"
"960",1418,"Apaloderma vittatum","Apaloderma_vittatum","Trogonidae","Trogons","Trogons","Bar-tailed Trogon","bow01418","LC","BL3","Trogonidae","Trogons",81,"TROGONIFORMES","NONPASSERIFORMES","NONPASSERIFORMES"
"2260",3163,"Batrachostomus septimus","Batrachostomus_septimus","Podargidae","Frogmouths","Frogmouths","Philippine Frogmouth","bow03163","LC","BL3","Podargidae","Frogmouths",72,"CAPRIMULGIFORMES","NONPASSERIFORMES","NONPASSERIFORMES"
"5711",8195,"Paradisaea raggiana","Paradisaea_raggiana","CC8","Shrikes, Monarchs, Drongos, Fantails, Birds Of Paradise, Crows, Jays, Allies","Cuckoo-Shrikes, Helmetshrikes, Shrike-Flycatchers, Vangas, Whipbirds, Shrike-Thrushes, Whistlers, Shrikes, Monarchs, Vireos, Orioles, Drongos, Fantails, Birds Of Paradise, Crows, Jays, Allies","Raggiana Bird-of-paradise","bow08195","LC","BL3","Paradisaeidae","Birds of paradise",149,"PASSERIFORMES","PASSERIFORMES","Passeri"
"1357",2002,"Nestor notabilis","Nestor_notabilis","Skeleton","Parrots","Parrots","Kea","bow02002","VU","BL3","Psittacidae","Parrots",68,"PSITTACIFORMES","NONPASSERIFORMES","NONPASSERIFORMES"
"4389",6346,"Lepidothrix coronata","Lepidothrix_coronata","Pipridae","Manakins","Manakins","Blue-crowned Manakin","bow06346","LC","BL3","Pipridae","Manakins",103,"PASSERIFORMES","PASSERIFORMES","Tyranni"
"7351",10719,"Cettia cetti","Cettia_cetti","S7S8","Leaf-Warblers, Bush-Warblers, Long-tailed Tits","Leaf-Warblers, Bush-Warblers, Long-tailed Tits","Cetti's Warbler","bow10719","LC","BL3","Sylviidae","Old World warblers",161,"PASSERIFORMES","PASSERIFORMES","Passeri"
"7834",11345,"Mystacornis crossleyi","Mystacornis_crossleyi","CC7","Shrike-Flycatchers, Helmetshrikes, Vangas, Butcherbirds, Woodswallows, Allies","Cuckoo-Shrikes, Helmetshrikes, Shrike-Flycatchers, Vangas, Whipbirds, Shrike-Thrushes, Whistlers, Shrikes, Monarchs, Vireos, Orioles, Drongos, Fantails, Birds Of Paradise, Crows, Jays, Allies","Crossley's Babbler","bow11345","LC","BL3","Vangidae","Vangas",131,"PASSERIFORMES","PASSERIFORMES","Passeri"
"2714",3776,"Rhynochetos jubatus","Rhynochetos_jubatus","Skeleton","Kagu","Kagu","Kagu","bow03776","EN","BL3","Rhynochetidae","Kagu",40,"EURYPYGIFORMES","NONPASSERIFORMES","NONPASSERIFORMES"
"3882",5729,"Neodrepanis coruscans","Neodrepanis_coruscans","EurylaimidaePittidae","Broadbills, Pittas, Asities, Allies","Broadbills, Pittas, Asities, Allies","Sunbird Asity","bow05729","LC","BL3","Philepittidae","Asities",100,"PASSERIFORMES","PASSERIFORMES","Tyranni"
"5387",7685,"Chloropsis hardwickii","Chloropsis_hardwickii","P3","Leafbirds, Fairy-Bluebirds","Leafbirds, Fairy-Bluebirds","Orange-bellied Leafbird","bow07685","LC","BL3","Chloropseidae","Leafbirds",180,"PASSERIFORMES","PASSERIFORMES","Passeri"
"8733",12507,"Calcarius ornatus","Calcarius_ornatus","P11","Longspurs, Allies","Longspurs, Allies","Chestnut-collared Longspur","bow12507","NT","BL3","Emberizidae","Buntings, American sparrows and allies",192,"PASSERIFORMES","PASSERIFORMES","Passeri"
"3203",4562,"Pandion haliaetus","Pandion_haliaetus","Accipitridae","Hawks, Eagles, Secretarybird","Hawks, Eagles, Secretarybird","Osprey","bow04562","LC","BL3","Accipitridae","Osprey, kites, hawks and eagles",36,"ACCIPITRIFORMES","NONPASSERIFORMES","NONPASSERIFORMES"
"5500",7880,"Falcunculus frontatus","Falcunculus_frontatus","CC5CC6d","Whipbirds, Quail-Thrushes, Allies","Cuckoo-Shrikes, Helmetshrikes, Shrike-Flycatchers, Vangas, Whipbirds, Shrike-Thrushes, Whistlers, Shrikes, Monarchs, Vireos, Orioles, Drongos, Fantails, Birds Of Paradise, Crows, Jays, Allies","Crested Shrike-tit","bow07880","LC","BL3","Falcunculidae","Shrike-tits",138,"PASSERIFORMES","PASSERIFORMES","Passeri"
"5247",7469,"Grantiella picta","Grantiella_picta","BC7","Honeyeaters","Honeyeaters, Thornbills, Bristlebirds, Australasian Wrens, Allies","Painted Honeyeater","bow07469","VU","BL3","Meliphagidae","Honeyeaters",117,"PASSERIFORMES","PASSERIFORMES","Passeri"
"4446",6409,"Sakesphorus luctuosus","Sakesphorus_luctuosus","Thamnophilidae","Antbirds","Antbirds","Glossy Antshrike","bow06409","LC","BL3","Thamnophilidae","Antbirds",106,"PASSERIFORMES","PASSERIFORMES","Tyranni"
"2705",3752,"Aramus guarauna","Aramus_guarauna","Skeleton","Cranes, Trumpeters, Limpkin","Cranes, Trumpeters, Limpkin","Limpkin","bow03752","LC","BL3","Aramidae","Limpkin",46,"GRUIFORMES","NONPASSERIFORMES","NONPASSERIFORMES"
"9382",13277,"Cardinalis cardinalis","Cardinalis_cardinalis","P12","Cardinals, Allies","Cardinals, Allies","Northern Cardinal","bow13277","LC","BL3","Cardinalidae","Grosbeaks, saltators and allies",194,"PASSERIFORMES","PASSERIFORMES","Passeri"
"8710",12483,"Emberiza fucata","Emberiza_fucata","P20b","Buntings, American Sparrows, Brush-Finches","New World Warblers, New World blackbirds, Buntings, American Sparrows, Allies","Chestnut-eared Bunting","bow12483","LC","BL3","Emberizidae","Buntings, American sparrows and allies",192,"PASSERIFORMES","PASSERIFORMES","Passeri"
"2012",2793,"Calypte anna","Calypte_anna","Trochilidae","Hummingbirds","Hummingbirds","Anna's Hummingbird","bow02793","LC","BL3","Trochilidae","Hummingbirds",79,"APODIFORMES","NONPASSERIFORMES","NONPASSERIFORMES"
"5495",7861,"Daphoenositta chrysoptera","Daphoenositta_chrysoptera","Skeleton","Sitellas","Cuckoo-Shrikes, Helmetshrikes, Shrike-Flycatchers, Vangas, Whipbirds, Shrike-Thrushes, Whistlers, Shrikes, Monarchs, Vireos, Orioles, Drongos, Fantails, Birds Of Paradise, Crows, Jays, Allies","Varied Sittella","bow07861","LC","BL3","Neosittidae","Sittellas",137,"PASSERIFORMES","PASSERIFORMES","Passeri"
"8281",11942,"Ploceus nigricollis","Ploceus_nigricollis","P6","Weavers, Allies","Weavers, Waxbills, Allies","Black-necked Weaver","bow11942","LC","BL3","Ploceidae","Weavers and allies",184,"PASSERIFORMES","PASSERIFORMES","Passeri"
"4020",5918,"Tachuris rubrigastra","Tachuris_rubrigastra","TitTyranRest","Tyrant-Flycatchers, Cotingas, Allies","Tyrant-Flycatchers, Cotingas, Allies","Many-coloured Rush-tyrant","bow05918","LC","BL3","Tyrannidae","Tyrant-flycatchers",105,"PASSERIFORMES","PASSERIFORMES","Tyranni"
"9",57,"Apteryx owenii","Apteryx_owenii","Paleognathae","Paleognaths","Paleognaths","Little Spotted Kiwi","bow00057","NT","BL3","Apterygidae","Kiwis",6,"APTERYGIFORMES","NONPASSERIFORMES","NONPASSERIFORMES"
"7965",11535,"Eremophila alpestris","Eremophila_alpestris","S3","Larks","Larks, Allies","Horned Lark","bow11535","LC","BL3","Alaudidae","Larks",158,"PASSERIFORMES","PASSERIFORMES","Passeri"
"6991",10163,"Regulus satrapa","Regulus_satrapa","Regulus","Goldcrests, Kinglets","Goldcrests, Kinglets","Golden-crowned Kinglet","bow10163","LC","BL3","Reguliidae","Goldcrests and kinglets",166,"PASSERIFORMES","PASSERIFORMES","Passeri"
"8523",12233,"Vidua macroura","Vidua_macroura","P7","Waxbills, Allies","Weavers, Waxbills, Allies","Pin-tailed Whydah","bow12233","LC","BL3","Viduidae","Indigobirds and allies",185,"PASSERIFORMES","PASSERIFORMES","Passeri"
"625",960,"Picoides pubescens","Picoides_pubescens","Picidae","Woodpeckers","Woodpeckers, Honeyguides, Toucans, Barbets","Downy Woodpecker","bow00960","LC","BL3","Picidae","Woodpeckers",95,"PICIFORMES","NONPASSERIFORMES","NONPASSERIFORMES"
"9381",13276,"Pheucticus melanocephalus","Pheucticus_melanocephalus","P12","Cardinals, Allies","Cardinals, Allies","Black-headed Grosbeak","bow13276","LC","BL3","Cardinalidae","Grosbeaks, saltators and allies",194,"PASSERIFORMES","PASSERIFORMES","Passeri"
"7649",11123,"Illadopsis cleaveri","Illadopsis_cleaveri","S13","Whiteyes, Babblers I, Parrotbills","Whiteyes, Babblers, Parrotbills, Old World Warblers II, Allies","Blackcap Illadopsis","bow11123","LC","BL3","Timaliidae","Babblers and parrotbills",163,"PASSERIFORMES","PASSERIFORMES","Passeri"
"6010",8562,"Myiagra hebetior","Myiagra_hebetior","CC8","Shrikes, Monarchs, Drongos, Fantails, Birds Of Paradise, Crows, Jays, Allies","Cuckoo-Shrikes, Helmetshrikes, Shrike-Flycatchers, Vangas, Whipbirds, Shrike-Thrushes, Whistlers, Shrikes, Monarchs, Vireos, Orioles, Drongos, Fantails, Birds Of Paradise, Crows, Jays, Allies","Dull Flycatcher","bow08562","LC","BL3","Monarchidae","Monarchs",146,"PASSERIFORMES","PASSERIFORMES","Passeri"
"5395",7699,"Pomatostomus ruficeps","Pomatostomus_ruficeps","BC8","Australasian Babblers, Logrunners","Australasian Babblers, Logrunners","Chestnut-crowned Babbler","bow07699","LC","BL3","Pomatostomidae","Australasian babblers",121,"PASSERIFORMES","PASSERIFORMES","Passeri"
"6791",9735,"Thryothorus ludovicianus","Thryothorus_ludovicianus","M1","Wrens, Gnatcatchers, Nuthatches, Wallcreeper, Treecreepers","Wrens, Gnatcatchers, Nuthatches, Wallcreeper, Treecreepers","Carolina Wren","bow09735","LC","BL3","Troglodytidae","Wrens",162,"PASSERIFORMES","PASSERIFORMES","Passeri"
"1450",2115,"Agapornis roseicollis","Agapornis_roseicollis","Psittacidae1","Parrots","Parrots","Rosy-faced Lovebird","bow02115","LC","BL3","Psittacidae","Parrots",68,"PSITTACIFORMES","NONPASSERIFORMES","NONPASSERIFORMES"
"9411",13311,"Passerina amoena","Passerina_amoena","P12","Cardinals, Allies","Cardinals, Allies","Lazuli Bunting","bow13311","LC","BL3","Emberizidae","Buntings, American sparrows and allies",192,"PASSERIFORMES","PASSERIFORMES","Passeri"
"3641",5298,"Mesembrinibis cayennensis","Mesembrinibis_cayennensis","Threskiornithidae","Ibises","Ibises, Herons","Green Ibis","bow05298","LC","BL3","Threskiornithidae","Ibises and spoonbills",24,"PELECANIFORMES","NONPASSERIFORMES","NONPASSERIFORMES"
"6737",9655,"Certhia familiaris","Certhia_familiaris","M1","Wrens, Gnatcatchers, Nuthatches, Wallcreeper, Treecreepers","Wrens, Gnatcatchers, Nuthatches, Wallcreeper, Treecreepers","Eurasian Treecreeper","bow09655","LC","BL3","Certhiidae","Treecreepers",174,"PASSERIFORMES","PASSERIFORMES","Passeri"
"7968",11542,"Promerops cafer","Promerops_cafer","P1","Sugarbirds, Allies","Sugarbirds, Allies","Cape Sugarbird","bow11542","LC","BL3","Promeropidae","Sugarbirds",182,"PASSERIFORMES","PASSERIFORMES","Passeri"
"8688",12461,"Urocynchramus pylzowi","Urocynchramus_pylzowi","Skeleton","Przewalski's Finch","Przewalski's Finch","Pink-tailed Bunting","bow12461","LC","BL3","Urocynchramidae","Pink-tailed Bunting",189,"PASSERIFORMES","PASSERIFORMES","Passeri"
"8252",11907,"Prunella fulvescens","Prunella_fulvescens","P5","Accentors, Olive Warbler","Accentors, Olive Warbler","Brown Accentor","bow11907","LC","BL3","Prunellidae","Accentors",186,"PASSERIFORMES","PASSERIFORMES","Passeri"
"7298",10634,"Zosterops lateralis","Zosterops_lateralis","S13","Whiteyes, Babblers I, Parrotbills","Whiteyes, Babblers, Parrotbills, Old World Warblers II, Allies","Silvereye","bow10634","LC","BL3","Zosteropidae","White-eyes",164,"PASSERIFORMES","PASSERIFORMES","Passeri"
"5498",7874,"Mohoua ochrocephala","Mohoua_ochrocephala","CC5CC6d","Whipbirds, Quail-Thrushes, Allies","Cuckoo-Shrikes, Helmetshrikes, Shrike-Flycatchers, Vangas, Whipbirds, Shrike-Thrushes, Whistlers, Shrikes, Monarchs, Vireos, Orioles, Drongos, Fantails, Birds Of Paradise, Crows, Jays, Allies","Yellowhead","bow07874","EN","BL3","Acanthizidae","Thornbills and gerygones",120,"PASSERIFORMES","PASSERIFORMES","Passeri"
"6677",9554,"Buphagus erythrorhynchus","Buphagus_erythrorhynchus","M4","Mockingbirds, Thrashers, Philippine Creepers, Starlings","Mockingbirds, Thrashers, Philippine Creepers, Starlings","Red-billed Oxpecker","bow09554","LC","BL3","Sturnidae","Starlings",177,"PASSERIFORMES","PASSERIFORMES","Passeri"
"5045",7188,"Atrichornis clamosus","Atrichornis_clamosus","BC1","Scrub-birds, Lyrebirds","Scrub-birds, Lyrebirds","Noisy Scrub-bird","bow07188","VU","BL3","Atrichornithidae","Scrub-birds",113,"PASSERIFORMES","PASSERIFORMES","Passeri"
"7832",11343,"Oxylabes madagascariensis","Oxylabes_madagascariensis","S11","Old World Warblers I","Old World Warblers I","White-throated Oxylabes","bow11343","LC","BL3","Sylviidae","Old World warblers",161,"PASSERIFORMES","PASSERIFORMES","Passeri"
"7493",10927,"Phylloscopus trochilus","Phylloscopus_trochilus","S7S8","Leaf-Warblers, Bush-Warblers, Long-tailed Tits","Leaf-Warblers, Bush-Warblers, Long-tailed Tits","Willow Warbler","bow10927","LC","BL3","Sylviidae","Old World warblers",161,"PASSERIFORMES","PASSERIFORMES","Passeri"
"8140",11736,"Melanocharis versteri","Melanocharis_versteri","CC1","Berrypeckers, Satinbirds, Allies","Berrypeckers, Satinbirds, Allies","Fan-tailed Berrypecker","bow11736","LC","BL3","Melanocharitidae","Berrypeckers",124,"PASSERIFORMES","PASSERIFORMES","Passeri"
"1622",2309,"Amazona guildingii","Amazona_guildingii","Psittacidae2","Parrots","Parrots","St Vincent Amazon","bow02309","VU","BL3","Psittacidae","Parrots",68,"PSITTACIFORMES","NONPASSERIFORMES","NONPASSERIFORMES"
"3865",5708,"Smithornis capensis","Smithornis_capensis","EurylaimidaePittidae","Broadbills, Pittas, Asities, Allies","Broadbills, Pittas, Asities, Allies","African Broadbill","bow05708","LC","BL3","Eurylaimidae","Broadbills",99,"PASSERIFORMES","PASSERIFORMES","Tyranni"
"3625",5264,"Scopus umbretta","Scopus_umbretta","Skeleton","Pelicans, Shoebill, Hamerkop","Pelicans, Shoebill, Hamerkop","Hamerkop","bow05264","LC","BL3","Scopidae","Hammerkop",28,"PELECANIFORMES","NONPASSERIFORMES","NONPASSERIFORMES"
"1684",2399,"Chaetura pelagica","Chaetura_pelagica","Apodidae","Swifts, Treeswifts","Swifts, Treeswifts","Chimney Swift","bow02399","NT","BL3","Apodidae","Swifts",77,"APODIFORMES","NONPASSERIFORMES","NONPASSERIFORMES"
"1143",1678,"Merops nubicus","Merops_nubicus","Meropidae","Bee-eaters","Bee-eaters, Kingfishers, Motmots, Todies, Rollers, Ground-Rollers","Northern Carmine Bee-eater","bow01678","LC","BL3","Meropidae","Bee-eaters",88,"CORACIIFORMES","NONPASSERIFORMES","NONPASSERIFORMES"
"4260",6194,"Tyrannus savana","Tyrannus_savana","TitTyranRest","Tyrant-Flycatchers, Cotingas, Allies","Tyrant-Flycatchers, Cotingas, Allies","Fork-tailed Flycatcher","bow06194","LC","BL3","Tyrannidae","Tyrant-flycatchers",105,"PASSERIFORMES","PASSERIFORMES","Tyranni"
"8510",12220,"Vidua chalybeata","Vidua_chalybeata","P7","Waxbills, Allies","Weavers, Waxbills, Allies","Village Indigobird","bow12220","LC","BL3","Viduidae","Indigobirds and allies",185,"PASSERIFORMES","PASSERIFORMES","Passeri"
"9472",13402,"Agelaius phoeniceus","Agelaius_phoeniceus","P21","New World Blackbirds","New World warblers, New World Blackbirds, Buntings, American Sparrows, Allies","Red-winged Blackbird","bow13402","LC","BL3","Icteridae","New World blackbirds",190,"PASSERIFORMES","PASSERIFORMES","Passeri"
"5041",7176,"Climacteris rufus","Climacteris_rufus","BC3","Australian Treecreepers, Bowerbirds","Australian Treecreepers, Bowerbirds","Rufous Treecreeper","bow07176","LC","BL3","Climacteridae","Australian treecreepers",115,"PASSERIFORMES","PASSERIFORMES","Passeri"
"7775",11278,"Pteruthius melanotis","Pteruthius_melanotis","CC3","Vireos, Allies","Cuckoo-Shrikes, Helmetshrikes, Shrike-Flycatchers, Vangas, Whipbirds, Shrike-Thrushes, Whistlers, Shrikes, Monarchs, Vireos, Orioles, Drongos, Fantails, Birds Of Paradise, Crows, Jays, Allies","Black-eared Shrike-babbler","bow11278","LC","BL3","Timaliidae","Babblers and parrotbills",163,"PASSERIFORMES","PASSERIFORMES","Passeri"
"5733",8237,"Artamus cinereus","Artamus_cinereus","CC7","Shrike-Flycatchers, Helmetshrikes, Vangas, Butcherbirds, Woodswallows, Allies","Cuckoo-Shrikes, Helmetshrikes, Shrike-Flycatchers, Vangas, Whipbirds, Shrike-Thrushes, Whistlers, Shrikes, Monarchs, Vireos, Orioles, Drongos, Fantails, Birds Of Paradise, Crows, Jays, Allies","Black-faced Woodswallow","bow08237","LC","BL3","Artamidae","Woodswallows",133,"PASSERIFORMES","PASSERIFORMES","Passeri"
"5494",7857,"Struthidea cinerea","Struthidea_cinerea","CC8","Shrikes, Monarchs, Drongos, Fantails, Birds Of Paradise, Crows, Jays, Allies","Cuckoo-Shrikes, Helmetshrikes, Shrike-Flycatchers, Vangas, Whipbirds, Shrike-Thrushes, Whistlers, Shrikes, Monarchs, Vireos, Orioles, Drongos, Fantails, Birds Of Paradise, Crows, Jays, Allies","Apostlebird","bow07857","LC","BL3","Corcoracidae","Australian mudnesters",148,"PASSERIFORMES","PASSERIFORMES","Passeri"
"1067",1588,"Halcyon senegalensis","Halcyon_senegalensis","Alcedinidae","Kingfishers, Motmots, Todies","Bee-eaters, Kingfishers, Motmots, Todies, Rollers, Ground-Rollers","Woodland Kingfisher","bow01588","LC","BL3","Alcedinidae","Kingfishers",85,"CORACIIFORMES","NONPASSERIFORMES","NONPASSERIFORMES"
"7864",11383,"Sylvia atricapilla","Sylvia_atricapilla","S12","Babblers II, Old World Warblers II, Allies","Whiteyes, Babblers, Parrotbills, Old World Warblers II, Allies","Blackcap","bow11383","LC","BL3","Sylviidae","Old World warblers",161,"PASSERIFORMES","PASSERIFORMES","Passeri"
"6827",9801,"Polioptila caerulea","Polioptila_caerulea","M1","Wrens, Gnatcatchers, Nuthatches, Wallcreeper, Treecreepers","Wrens, Gnatcatchers, Nuthatches, Wallcreeper, Treecreepers","Blue-grey Gnatcatcher","bow09801","LC","BL3","Polioptilidae","Gnatcatchers",172,"PASSERIFORMES","PASSERIFORMES","Passeri"
"2255",3157,"Podargus strigoides","Podargus_strigoides","Podargidae","Frogmouths","Frogmouths","Tawny Frogmouth","bow03157","LC","BL3","Podargidae","Frogmouths",72,"CAPRIMULGIFORMES","NONPASSERIFORMES","NONPASSERIFORMES"
"7434",10842,"Hippolais icterina","Hippolais_icterina","S11","Old World Warblers I","Old World Warblers I","Icterine Warbler","bow10842","LC","BL3","Sylviidae","Old World warblers",161,"PASSERIFORMES","PASSERIFORMES","Passeri"
"9992",20106,"Xiphorhynchus elegans","Xiphorhynchus_elegans","Furnaridae","Ovenbirds, Woodcreepers","Ovenbirds, Woodcreepers, Antthrushes","Elegant Woodcreeper","bow20106","LC","BL3","Dendrocolaptidae","Woodcreepers",111,"PASSERIFORMES","PASSERIFORMES","Tyranni"
"2709",3764,"Psophia crepitans","Psophia_crepitans","Psophidae","Cranes, Trumpeters, Limpkin","Cranes, Trumpeters, Limpkin","Grey-winged Trumpeter","bow03764","LC","BL3","Psophiidae","Trumpeters",44,"GRUIFORMES","NONPASSERIFORMES","NONPASSERIFORMES"
"8762",12560,"Spizella passerina","Spizella_passerina","P20b","Buntings, American Sparrows, Brush-Finches","New World Warblers, New World blackbirds, Buntings, American Sparrows, Allies","Chipping Sparrow","bow12560","LC","BL3","Emberizidae","Buntings, American sparrows and allies",192,"PASSERIFORMES","PASSERIFORMES","Passeri"
"7865",11384,"Sylvia borin","Sylvia_borin","S12","Babblers II, Old World Warblers II, Allies","Whiteyes, Babblers, Parrotbills, Old World Warblers II, Allies","Garden Warbler","bow11384","LC","BL3","Sylviidae","Old World warblers",161,"PASSERIFORMES","PASSERIFORMES","Passeri"
"6123",8762,"Phainopepla nitens","Phainopepla_nitens","M2","Waxwings, Allies","Waxwings, Allies","Phainopepla","bow08762","LC","BL3","Bombycillidae","Waxwings",152,"PASSERIFORMES","PASSERIFORMES","Passeri"
"8648",12392,"Loxia curvirostra","Loxia_curvirostra","P10","Finches, Allies","Finches, Allies","Red Crossbill","bow12392","LC","BL3","Fringillidae","Finches and Hawaiian honeycreepers",188,"PASSERIFORMES","PASSERIFORMES","Passeri"
"8747",12529,"Junco hyemalis","Junco_hyemalis","P20b","Buntings, American Sparrows, Brush-Finches","New World Warblers, New World blackbirds, Buntings, American Sparrows, Allies","Dark-eyed Junco","bow12529","LC","BL3","Emberizidae","Buntings, American sparrows and allies",192,"PASSERIFORMES","PASSERIFORMES","Passeri"
"6948",10074,"Hirundo rustica","Hirundo_rustica","S6","Swallows, Martins","Swallows, Martins","Barn Swallow","bow10074","LC","BL3","Hirundinidae","Swallows and martins",156,"PASSERIFORMES","PASSERIFORMES","Passeri"
"6013",8565,"Machaerirhynchus nigripectus","Machaerirhynchus_nigripectus","CC7","Shrike-Flycatchers, Helmetshrikes, Vangas, Butcherbirds, Woodswallows, Allies","Cuckoo-Shrikes, Helmetshrikes, Shrike-Flycatchers, Vangas, Whipbirds, Shrike-Thrushes, Whistlers, Shrikes, Monarchs, Vireos, Orioles, Drongos, Fantails, Birds Of Paradise, Crows, Jays, Allies","Black-breasted Boatbill","bow08565","LC","BL3","Machaerirhynchidae","Boatbills",130,"PASSERIFORMES","PASSERIFORMES","Passeri"
"5390",7691,"Orthonyx spaldingii","Orthonyx_spaldingii","BC8","Australasian Babblers, Logrunners","Australasian Babblers, Logrunners","Chowchilla","bow07691","LC","BL3","Orthonychidae","Logrunners",122,"PASSERIFORMES","PASSERIFORMES","Passeri"
"2058",2853,"Corythaeola cristata","Corythaeola_cristata","Musophagidae","Turacos","Turacos","Great Blue Turaco","bow02853","LC","BL3","Musophagidae","Turacos",66,"MUSOPHAGIFORMES","NONPASSERIFORMES","NONPASSERIFORMES"
"8536",12255,"Serinus canaria","Serinus_canaria","P10","Finches, Allies","Finches, Allies","Island Canary","bow12255","LC","BL3","Fringillidae","Finches and Hawaiian honeycreepers",188,"PASSERIFORMES","PASSERIFORMES","Passeri"
"2923",4110,"Arenaria interpres","Arenaria_interpres","Scolopaci","Sandpipers, Jacanas, Seedsnipes, Allies","Sandpipers, Jacanas, Seedsnipes, Allies","Ruddy Turnstone","bow04110","LC","BL3","Scolopacidae","Sandpipers and allies",59,"CHARADRIIFORMES","NONPASSERIFORMES","NONPASSERIFORMES"
"6130",8774,"Cinclus mexicanus","Cinclus_mexicanus","M3","Dippers","Thrushes, Dippers, Chats, Old World Flycatchers","American Dipper","bow08774","LC","BL3","Cinclidae","Dippers",179,"PASSERIFORMES","PASSERIFORMES","Passeri"
"7405",10802,"Acrocephalus arundinaceus","Acrocephalus_arundinaceus","S11","Old World Warblers I","Old World Warblers I","Great Reed-warbler","bow10802","LC","BL3","Sylviidae","Old World warblers",161,"PASSERIFORMES","PASSERIFORMES","Passeri"
"8246",11901,"Prunella himalayana","Prunella_himalayana","P5","Accentors, Olive Warbler","Accentors, Olive Warbler","Rufous-streaked Accentor","bow11901","LC","BL3","Prunellidae","Accentors",186,"PASSERIFORMES","PASSERIFORMES","Passeri"
"5488",7847,"Ptilorrhoa leucosticta","Ptilorrhoa_leucosticta","CC5CC6d","Whipbirds, Quail-Thrushes, Allies","Cuckoo-Shrikes, Helmetshrikes, Shrike-Flycatchers, Vangas, Whipbirds, Shrike-Thrushes, Whistlers, Shrikes, Monarchs, Vireos, Orioles, Drongos, Fantails, Birds Of Paradise, Crows, Jays, Allies","Spotted Jewel-babbler","bow07847","LC","BL3","Eupetidae","Whipbirds, wedgebills and jewel-babblers",126,"PASSERIFORMES","PASSERIFORMES","Passeri"
"498",818,"Indicator maculatus","Indicator_maculatus","Indicatoridae","Honeyguides","Woodpeckers, Honeyguides, Toucans, Barbets","Spotted Honeyguide","bow00818","LC","BL3","Indicatoridae","Honeyguides",94,"PICIFORMES","NONPASSERIFORMES","NONPASSERIFORMES"
"5059",7222,"Ptilonorhynchus violaceus","Ptilonorhynchus_violaceus","BC2","Australian Treecreepers, Bowerbirds","Australian Treecreepers, Bowerbirds","Satin Bowerbird","bow07222","LC","BL3","Ptilonorhynchidae","Bowerbirds",114,"PASSERIFORMES","PASSERIFORMES","Passeri"
"9806",19919,"Anhinga rufa","Anhinga_rufa","Anhingidae","Cormorants, Anhingas, Gannets, Frigatebirds","Cormorants, Anhingas, Gannets, Frigatebirds","African Darter","bow19919","LC","BL3","Anhingidae","Anhingas",33,"SULIFORMES","NONPASSERIFORMES","NONPASSERIFORMES"
"8",55,"Apteryx australis","Apteryx_australis","Paleognathae","Paleognaths","Paleognaths","Southern Brown Kiwi","bow00055","VU","BL3","Apterygidae","Kiwis",6,"APTERYGIFORMES","NONPASSERIFORMES","NONPASSERIFORMES"
"10",58,"Apteryx haastii","Apteryx_haastii","Paleognathae","Paleognaths","Paleognaths","Great Spotted Kiwi","bow00058","VU","BL3","Apterygidae","Kiwis",6,"APTERYGIFORMES","NONPASSERIFORMES","NONPASSERIFORMES"
"9688",19800,"Apteryx mantelli","Apteryx_mantelli","Paleognathae","Paleognaths","Paleognaths","Northern Brown Kiwi","bow19800","EN","BL3","Apterygidae","Kiwis",6,"APTERYGIFORMES","NONPASSERIFORMES","NONPASSERIFORMES"
"2672",3703,"Ardeotis kori","Ardeotis_kori","Otididae","Bustards","Bustards","Kori Bustard","bow03703","LC","BL3","Otididae","Bustards",37,"OTIDIFORMES","NONPASSERIFORMES","NONPASSERIFORMES"
"2519",3496,"Caloenas nicobarica","Caloenas_nicobarica","Columbidae","Pigeons, Doves","Pigeons, Doves","Nicobar Pigeon","bow03496","NT","BL3","Columbidae","Doves and pigeons",65,"COLUMBIFORMES","NONPASSERIFORMES","NONPASSERIFORMES"
"3877",5720,"Calyptomena viridis","Calyptomena_viridis","EurylaimidaePittidae","Broadbills, Pittas, Asities, Allies","Broadbills, Pittas, Asities, Allies","Asian Green Broadbill","bow05720","NT","BL3","Eurylaimidae","Broadbills",99,"PASSERIFORMES","PASSERIFORMES","Tyranni"
"4",45,"Casuarius casuarius","Casuarius_casuarius","Paleognathae","Paleognaths","Paleognaths","Southern Cassowary","bow00045","VU","BL3","Casuariidae","Cassowaries",4,"CASUARIIFORMES","NONPASSERIFORMES","NONPASSERIFORMES"
"1239",1840,"Centropus bengalensis","Centropus_bengalensis","Cuculidae","Cuckoos","Cuckoos","Lesser Coucal","bow01840","LC","BL3","Cuculidae","Cuckoos",67,"CUCULIFORMES","NONPASSERIFORMES","NONPASSERIFORMES"
"1249",1853,"Centropus unirufus","Centropus_unirufus","Cuculidae","Cuckoos","Cuckoos","Rufous Coucal","bow01853","NT","BL3","Cuculidae","Cuckoos",67,"CUCULIFORMES","NONPASSERIFORMES","NONPASSERIFORMES"
"1197",1790,"Ceuthmochares aereus","Ceuthmochares_aereus","Cuculidae","Cuckoos","Cuckoos","Yellowbill","bow01790","LC","BL3","Cuculidae","Cuckoos",67,"CUCULIFORMES","NONPASSERIFORMES","NONPASSERIFORMES"
"5893",8432,"Chaetorhynchus papuensis","Chaetorhynchus_papuensis","CC8","Shrikes, Monarchs, Drongos, Fantails, Birds Of Paradise, Crows, Jays, Allies","Cuckoo-Shrikes, Helmetshrikes, Shrike-Flycatchers, Vangas, Whipbirds, Shrike-Thrushes, Whistlers, Shrikes, Monarchs, Vireos, Orioles, Drongos, Fantails, Birds Of Paradise, Crows, Jays, Allies","Pygmy Drongo","bow08432","LC","BL3","Dicruridae","Drongos",144,"PASSERIFORMES","PASSERIFORMES","Passeri"
"2966",4169,"Chionis minor","Chionis_minor","Charadrii","Waders, Allies","Waders, Allies","Black-faced Sheathbill","bow04169","LC","BL3","Chionidae","Sheathbills and allies",49,"CHARADRIIFORMES","NONPASSERIFORMES","NONPASSERIFORMES"
"1118",1647,"Chloroceryle aenea","Chloroceryle_aenea","Alcedinidae","Kingfishers, Motmots, Todies","Bee-eaters, Kingfishers, Motmots, Todies, Rollers, Ground-Rollers","American Pygmy Kingfisher","bow01647","LC","BL3","Alcedinidae","Kingfishers",85,"CORACIIFORMES","NONPASSERIFORMES","NONPASSERIFORMES"
"2287",3214,"Chordeiles acutipennis","Chordeiles_acutipennis","Caprimulgidae","Nightjars","Nightjars","Lesser Nighthawk","bow03214","LC","BL3","Caprimulgidae","Nightjars",75,"CAPRIMULGIFORMES","NONPASSERIFORMES","NONPASSERIFORMES"
"2713",3770,"Chunga burmeisteri","Chunga_burmeisteri","Skeleton","Seriemas","Seriemas","Black-legged Seriema","bow03770","LC","BL3","Cariamidae","Seriemas",39,"CARIAMIFORMES","NONPASSERIFORMES","NONPASSERIFORMES"
"3688",5368,"Ciconia maguari","Ciconia_maguari","Ciconiidae","Storks","Storks","Maguari Stork","bow05368","LC","BL3","Ciconiidae","Storks",23,"CICONIIFORMES","NONPASSERIFORMES","NONPASSERIFORMES"
"3263",4663,"Circaetus pectoralis","Circaetus_pectoralis","Accipitridae","Hawks, Eagles, Secretarybird","Hawks, Eagles, Secretarybird","Black-chested Snake-eagle","bow04663","LC","BL3","Accipitridae","Osprey, kites, hawks and eagles",36,"ACCIPITRIFORMES","NONPASSERIFORMES","NONPASSERIFORMES"
"3569",5157,"Cochlearius cochlearius","Cochlearius_cochlearius","Ardeidae","Herons","Ibises, Herons","Boat-billed Heron","bow05157","LC","BL3","Ardeidae","Herons and egrets",25,"PELECANIFORMES","NONPASSERIFORMES","NONPASSERIFORMES"
"310",469,"Colinus virginianus","Colinus_virginianus","Odontophoridae","Pheasants, Quail, Guineafowl","Pheasants, Quail, Guineafowl","Northern Bobwhite","bow00469","NT","BL3","Odontophoridae","New World quails",10,"GALLIFORMES","NONPASSERIFORMES","NONPASSERIFORMES"
"2480",3453,"Columbina picui","Columbina_picui","Columbidae","Pigeons, Doves","Pigeons, Doves","Picui Ground-dove","bow03453","LC","BL3","Columbidae","Doves and pigeons",65,"COLUMBIFORMES","NONPASSERIFORMES","NONPASSERIFORMES"
"5645",8093,"Corvus brachyrhynchos","Corvus_brachyrhynchos","CC8","Shrikes, Monarchs, Drongos, Fantails, Birds Of Paradise, Crows, Jays, Allies","Cuckoo-Shrikes, Helmetshrikes, Shrike-Flycatchers, Vangas, Whipbirds, Shrike-Thrushes, Whistlers, Shrikes, Monarchs, Vireos, Orioles, Drongos, Fantails, Birds Of Paradise, Crows, Jays, Allies","American Crow","bow08093","LC","BL3","Corvidae","Crows and jays",147,"PASSERIFORMES","PASSERIFORMES","Passeri"
"2053",2848,"Corythaixoides concolor","Corythaixoides_concolor","Musophagidae","Turacos","Turacos","Grey Go-away-bird","bow02848","LC","BL3","Musophagidae","Turacos",66,"MUSOPHAGIFORMES","NONPASSERIFORMES","NONPASSERIFORMES"
"1270",1880,"Crotophaga sulcirostris","Crotophaga_sulcirostris","Cuculidae","Cuckoos","Cuckoos","Groove-billed Ani","bow01880","LC","BL3","Cuculidae","Cuckoos",67,"CUCULIFORMES","NONPASSERIFORMES","NONPASSERIFORMES"
"21",75,"Crypturellus soui","Crypturellus_soui","Paleognathae","Paleognaths","Paleognaths","Little Tinamou","bow00075","LC","BL3","Tinamidae","Tinamous",1,"TINAMIFORMES","NONPASSERIFORMES","NONPASSERIFORMES"
"3060",4316,"Dromas ardeola","Dromas_ardeola","Lari","Gulls, Terns, Auks, Crab Plover","Gulls, Terns, Auks, Crab Plover","Crab Plover","bow04316","LC","BL3","Dromadidae","Crab Plover",51,"CHARADRIIFORMES","NONPASSERIFORMES","NONPASSERIFORMES"
"6429",9206,"Erithacus rubecula","Erithacus_rubecula","M6","Chats, Old World Flycatchers","Thrushes, Dippers, Chats, Old World Flycatchers","European Robin","bow09206","LC","BL3","Muscicapidae","Chats and Old World flycatchers",167,"PASSERIFORMES","PASSERIFORMES","Passeri"
"804",1168,"Eubucco bourcierii","Eubucco_bourcierii","Ramphastidae","Toucans, Barbets","Woodpeckers, Honeyguides, Toucans, Barbets","Red-headed Barbet","bow01168","LC","BL3","Ramphastidae","Toucans and barbets",93,"PICIFORMES","NONPASSERIFORMES","NONPASSERIFORMES"
"53",111,"Eudromia elegans","Eudromia_elegans","Paleognathae","Paleognaths","Paleognaths","Elegant Crested-tinamou","bow00111","LC","BL3","Tinamidae","Tinamous",1,"TINAMIFORMES","NONPASSERIFORMES","NONPASSERIFORMES"
"3497",4980,"Falco peregrinus","Falco_peregrinus","Falconidae","Falcons, Caracaras","Falcons, Caracaras","Peregrine Falcon","bow04980","LC","BL3","Falconidae","Falcons and caracaras",35,"FALCONIFORMES","NONPASSERIFORMES","NONPASSERIFORMES"
"6355",9107,"Ficedula albicollis","Ficedula_albicollis","M6","Chats, Old World Flycatchers","Thrushes, Dippers, Chats, Old World Flycatchers","Collared Flycatcher","bow09107","LC","BL3","Muscicapidae","Chats and Old World flycatchers",167,"PASSERIFORMES","PASSERIFORMES","Passeri"
"240",363,"Gallus sonneratii","Gallus_sonneratii","Phasianidae","Pheasants, Quail, Guineafowl","Pheasants, Quail, Guineafowl","Grey Junglefowl","bow00363","LC","BL3","Phasianidae","Grouse, pheasants and partridges",11,"GALLIFORMES","NONPASSERIFORMES","NONPASSERIFORMES"
"1276",1889,"Geococcyx californianus","Geococcyx_californianus","Cuculidae","Cuckoos","Cuckoos","Greater Roadrunner","bow01889","LC","BL3","Cuculidae","Cuckoos",67,"CUCULIFORMES","NONPASSERIFORMES","NONPASSERIFORMES"
"3070",4330,"Glareola pratincola","Glareola_pratincola","Lari","Gulls, Terns, Auks, Crab Plover","Gulls, Terns, Auks, Crab Plover","Collared Pratincole","bow04330","LC","BL3","Glareolidae","Coursers and pratincoles",60,"CHARADRIIFORMES","NONPASSERIFORMES","NONPASSERIFORMES"
"2195",3049,"Glaucidium brasilianum","Glaucidium_brasilianum","Strigidae","Owls","Owls, Barn Owls","Ferruginous Pygmy-owl","bow03049","LC","BL3","Strigidae","Owls",71,"STRIGIFORMES","NONPASSERIFORMES","NONPASSERIFORMES"
"2702",3747,"Grus americana","Grus_americana","Gruidae","Cranes, Trumpeters, Limpkin","Cranes, Trumpeters, Limpkin","Whooping Crane","bow03747","EN","BL3","Gruidae","Cranes",45,"GRUIFORMES","NONPASSERIFORMES","NONPASSERIFORMES"
"5721",8213,"Gymnorhina tibicen","Gymnorhina_tibicen","CC7","Shrike-Flycatchers, Helmetshrikes, Vangas, Butcherbirds, Woodswallows, Allies","Cuckoo-Shrikes, Helmetshrikes, Shrike-Flycatchers, Vangas, Whipbirds, Shrike-Thrushes, Whistlers, Shrikes, Monarchs, Vireos, Orioles, Drongos, Fantails, Birds Of Paradise, Crows, Jays, Allies","Australian Magpie","bow08213","LC","BL3","Cracticidae","Butcherbirds",132,"PASSERIFORMES","PASSERIFORMES","Passeri"
"3242",4636,"Haliaeetus albicilla","Haliaeetus_albicilla","Accipitridae","Hawks, Eagles, Secretarybird","Hawks, Eagles, Secretarybird","White-tailed Eagle","bow04636","LC","BL3","Accipitridae","Osprey, kites, hawks and eagles",36,"ACCIPITRIFORMES","NONPASSERIFORMES","NONPASSERIFORMES"
"1720",2442,"Hemiprocne comata","Hemiprocne_comata","Hemiprocnidae","Swifts, Treeswifts","Swifts, Treeswifts","Whiskered Treeswift","bow02442","LC","BL3","Hemiprocnidae","Treeswifts",78,"APODIFORMES","NONPASSERIFORMES","NONPASSERIFORMES"
"2895",4076,"Limosa lapponica","Limosa_lapponica","Scolopaci","Sandpipers, Jacanas, Seedsnipes, Allies","Sandpipers, Jacanas, Seedsnipes, Allies","Bar-tailed Godwit","bow04076","LC","BL3","Scolopacidae","Sandpipers and allies",59,"CHARADRIIFORMES","NONPASSERIFORMES","NONPASSERIFORMES"
"4410",6369,"Manacus manacus","Manacus_manacus","Pipridae","Manakins","Manakins","White-bearded Manakin","bow06369","LC","BL3","Pipridae","Manakins",103,"PASSERIFORMES","PASSERIFORMES","Tyranni"
"293",439,"Meleagris gallopavo","Meleagris_gallopavo","Phasianidae","Pheasants, Quail, Guineafowl","Pheasants, Quail, Guineafowl","Wild Turkey","bow00439","LC","BL3","Phasianidae","Grouse, pheasants and partridges",11,"GALLIFORMES","NONPASSERIFORMES","NONPASSERIFORMES"
"1430",2089,"Melopsittacus undulatus","Melopsittacus_undulatus","Psittacidae1","Parrots","Parrots","Budgerigar","bow02089","LC","BL3","Psittacidae","Parrots",68,"PSITTACIFORMES","NONPASSERIFORMES","NONPASSERIFORMES"
"5043",7183,"Menura novaehollandiae","Menura_novaehollandiae","BC1","Scrub-birds, Lyrebirds","Scrub-birds, Lyrebirds","Superb Lyrebird","bow07183","LC","BL3","Menuridae","Lyrebirds",112,"PASSERIFORMES","PASSERIFORMES","Passeri"
"8186",11802,"Motacilla alba","Motacilla_alba","P9","Wagtails, Pipits","Wagtails, Pipits","White Wagtail","bow11802","LC","BL3","Motacillidae","Wagtails and pipits",170,"PASSERIFORMES","PASSERIFORMES","Passeri"
"3656",5317,"Nipponia nippon","Nipponia_nippon","Threskiornithidae","Ibises","Ibises, Herons","Asian Crested Ibis","bow05317","EN","BL3","Threskiornithidae","Ibises and spoonbills",24,"PELECANIFORMES","NONPASSERIFORMES","NONPASSERIFORMES"
"17",71,"Nothocercus julius","Nothocercus_julius","Paleognathae","Paleognaths","Paleognaths","Tawny-breasted Tinamou","bow00071","LC","BL3","Tinamidae","Tinamous",1,"TINAMIFORMES","NONPASSERIFORMES","NONPASSERIFORMES"
"43",101,"Nothoprocta pentlandii","Nothoprocta_pentlandii","Paleognathae","Paleognaths","Paleognaths","Andean Tinamou","bow00101","LC","BL3","Tinamidae","Tinamous",1,"TINAMIFORMES","NONPASSERIFORMES","NONPASSERIFORMES"
"2274",3190,"Nyctibius bracteatus","Nyctibius_bracteatus","Nyctibiidae","Potoos","Potoos","Rufous Potoo","bow03190","LC","BL3","Nyctibiidae","Potoos",74,"CAPRIMULGIFORMES","NONPASSERIFORMES","NONPASSERIFORMES"
"2290",3217,"Nyctiprogne leucopyga","Nyctiprogne_leucopyga","Caprimulgidae","Nightjars","Nightjars","Band-tailed Nighthawk","bow03217","LC","BL3","Caprimulgidae","Nightjars",75,"CAPRIMULGIFORMES","NONPASSERIFORMES","NONPASSERIFORMES"
"3811",5598,"Oceanites oceanicus","Oceanites_oceanicus","Procellariidae","Albatrosses, Shearwaters, Petrels","Albatrosses, Shearwaters, Petrels","Wilson's Storm-petrel","bow05598","LC","BL3","Hydrobatidae","Storm-petrels",19,"PROCELLARIIFORMES","NONPASSERIFORMES","NONPASSERIFORMES"
"313",474,"Odontophorus gujanensis","Odontophorus_gujanensis","Odontophoridae","Pheasants, Quail, Guineafowl","Pheasants, Quail, Guineafowl","Marbled Wood-quail","bow00474","LC","BL3","Odontophoridae","New World quails",10,"GALLIFORMES","NONPASSERIFORMES","NONPASSERIFORMES"
"6537",9353,"Oenanthe oenanthe","Oenanthe_oenanthe","M6","Chats, Old World Flycatchers","Thrushes, Dippers, Chats, Old World Flycatchers","Northern Wheatear","bow09353","LC","BL3","Muscicapidae","Chats and Old World flycatchers",167,"PASSERIFORMES","PASSERIFORMES","Passeri"
"1915",2687,"Oreotrochilus melanogaster","Oreotrochilus_melanogaster","Trochilidae","Hummingbirds","Hummingbirds","Black-breasted Hillstar","bow02687","LC","BL3","Trochilidae","Hummingbirds",79,"APODIFORMES","NONPASSERIFORMES","NONPASSERIFORMES"
"5276",7523,"Origma solitaria","Origma_solitaria","BC6","Thornbills, Gerygones","Honeyeaters, Thornbills, Bristlebirds, Australasian Wrens, Allies","Rockwarbler","bow07523","LC","BL3","Acanthizidae","Thornbills and gerygones",120,"PASSERIFORMES","PASSERIFORMES","Passeri"
"2395",3355,"Patagioenas fasciata","Patagioenas_fasciata","Columbidae","Pigeons, Doves","Pigeons, Doves","Band-tailed Pigeon","bow03355","LC","BL3","Columbidae","Doves and pigeons",65,"COLUMBIFORMES","NONPASSERIFORMES","NONPASSERIFORMES"
"3796",5565,"Pelecanoides urinatrix","Pelecanoides_urinatrix","Procellariidae","Albatrosses, Shearwaters, Petrels","Albatrosses, Shearwaters, Petrels","Common Diving-petrel","bow05565","LC","BL3","Pelecanoididae","Diving-petrels",20,"PROCELLARIIFORMES","NONPASSERIFORMES","NONPASSERIFORMES"
"3541",5089,"Phalacrocorax brasilianus","Phalacrocorax_brasilianus","Phalacrocoracidae","Cormorants, Anhingas, Gannets, Frigatebirds","Cormorants, Anhingas, Gannets, Frigatebirds","Neotropic Cormorant","bow05089","LC","BL3","Phalacrocoracidae","Cormorants",32,"SULIFORMES","NONPASSERIFORMES","NONPASSERIFORMES"
"261",393,"Phasianus colchicus","Phasianus_colchicus","Phasianidae","Pheasants, Quail, Guineafowl","Pheasants, Quail, Guineafowl","Common Pheasant","bow00393","LC","BL3","Phasianidae","Grouse, pheasants and partridges",11,"GALLIFORMES","NONPASSERIFORMES","NONPASSERIFORMES"
"3626",5271,"Phoenicopterus ruber","Phoenicopterus_ruber","Phoenicopteridae","Flamingos","Flamingos, Grebes","American Flamingo","bow05271","LC","BL3","Phoenicopteridae","Flamingos",22,"PHOENICOPTERIFORMES","NONPASSERIFORMES","NONPASSERIFORMES"
"1261",1867,"Piaya cayana","Piaya_cayana","Cuculidae","Cuckoos","Cuckoos","Squirrel Cuckoo","bow01867","LC","BL3","Cuculidae","Cuckoos",67,"CUCULIFORMES","NONPASSERIFORMES","NONPASSERIFORMES"
"3844",5679,"Pitta sordida","Pitta_sordida","EurylaimidaePittidae","Broadbills, Pittas, Asities, Allies","Broadbills, Pittas, Asities, Allies","Hooded Pitta","bow05679","LC","BL3","Pittidae","Pittas",102,"PASSERIFORMES","PASSERIFORMES","Tyranni"
"3505",5005,"Podilymbus podiceps","Podilymbus_podiceps","Podicipedidae","Grebes","Flamingos, Grebes","Pied-billed Grebe","bow05005","LC","BL3","Podicipedidae","Grebes",21,"PODICIPEDIFORMES","NONPASSERIFORMES","NONPASSERIFORMES"
"5622",8067,"Pseudopodoces humilis","Pseudopodoces_humilis","S2","Tits, Chickadees, Penduline-Tits, Allies","Tits, Chickadees, Penduline-Tits, Allies","Tibetan Ground-tit","bow08067","LC","BL3","Paridae","Tits and chickadees",154,"PASSERIFORMES","PASSERIFORMES","Passeri"
"2863",4016,"Pterocles burchelli","Pterocles_burchelli","Pteroclidae","Sandgrouse","Sandgrouse","Burchell's Sandgrouse","bow04016","LC","BL3","Pteroclididae","Sandgrouse",64,"PTEROCLIDIFORMES","NONPASSERIFORMES","NONPASSERIFORMES"
"2854",4005,"Pterocles gutturalis","Pterocles_gutturalis","Pteroclidae","Sandgrouse","Sandgrouse","Yellow-throated Sandgrouse","bow04005","LC","BL3","Pteroclididae","Sandgrouse",64,"PTEROCLIDIFORMES","NONPASSERIFORMES","NONPASSERIFORMES"
"9500",13435,"Quiscalus mexicanus","Quiscalus_mexicanus","P21","New World Blackbirds","New World warblers, New World Blackbirds, Buntings, American Sparrows, Allies","Great-tailed Grackle","bow13435","LC","BL3","Icteridae","New World blackbirds",190,"PASSERIFORMES","PASSERIFORMES","Passeri"
"836",1207,"Ramphastos sulfuratus","Ramphastos_sulfuratus","Ramphastidae","Toucans, Barbets","Woodpeckers, Honeyguides, Toucans, Barbets","Keel-billed Toucan","bow01207","LC","BL3","Ramphastidae","Toucans and barbets",93,"PICIFORMES","NONPASSERIFORMES","NONPASSERIFORMES"
"3",38,"Rhea pennata","Rhea_pennata","Paleognathae","Paleognaths","Paleognaths","Lesser Rhea","bow00038","NT","BL3","Rheidae","Rheas",3,"RHEIFORMES","NONPASSERIFORMES","NONPASSERIFORMES"
"5887",8423,"Rhipidura dahli","Rhipidura_dahli","CC8","Shrikes, Monarchs, Drongos, Fantails, Birds Of Paradise, Crows, Jays, Allies","Cuckoo-Shrikes, Helmetshrikes, Shrike-Flycatchers, Vangas, Whipbirds, Shrike-Thrushes, Whistlers, Shrikes, Monarchs, Vireos, Orioles, Drongos, Fantails, Birds Of Paradise, Crows, Jays, Allies","Bismarck Fantail","bow08423","LC","BL3","Rhipiduridae","Fantails",145,"PASSERIFORMES","PASSERIFORMES","Passeri"
"3136",4440,"Rissa tridactyla","Rissa_tridactyla","Lari","Gulls, Terns, Auks, Crab Plover","Gulls, Terns, Auks, Crab Plover","Black-legged Kittiwake","bow04440","LC","BL3","Laridae","Gulls and terns",61,"CHARADRIIFORMES","NONPASSERIFORMES","NONPASSERIFORMES"
"3085",4360,"Rynchops niger","Rynchops_niger","Lari","Gulls, Terns, Auks, Crab Plover","Gulls, Terns, Auks, Crab Plover","Black Skimmer","bow04360","LC","BL3","Laridae","Gulls and terns",61,"CHARADRIIFORMES","NONPASSERIFORMES","NONPASSERIFORMES"
"3437",4899,"Sagittarius serpentarius","Sagittarius_serpentarius","Skeleton","Hawks, Eagles, Secretarybird","Hawks, Eagles, Secretarybird","Secretarybird","bow04899","LC","BL3","Accipitridae","Osprey, kites, hawks and eagles",36,"ACCIPITRIFORMES","NONPASSERIFORMES","NONPASSERIFORMES"
"3884",5755,"Sapayoa aenigma","Sapayoa_aenigma","EurylaimidaePittidae","Broadbills, Pittas, Asities, Allies","Broadbills, Pittas, Asities, Allies","Broad-billed Sapayoa","bow05755","LC","BL3","Sapayoaidae","Sapayoa",101,"PASSERIFORMES","PASSERIFORMES","Tyranni"
"807",1171,"Semnornis frantzii","Semnornis_frantzii","Ramphastidae","Toucans, Barbets","Woodpeckers, Honeyguides, Toucans, Barbets","Prong-billed Barbet","bow01171","LC","BL3","Ramphastidae","Toucans and barbets",93,"PICIFORMES","NONPASSERIFORMES","NONPASSERIFORMES"
"3433",4891,"Spizaetus tyrannus","Spizaetus_tyrannus","Accipitridae","Hawks, Eagles, Secretarybird","Hawks, Eagles, Secretarybird","Black Hawk-eagle","bow04891","LC","BL3","Accipitridae","Osprey, kites, hawks and eagles",36,"ACCIPITRIFORMES","NONPASSERIFORMES","NONPASSERIFORMES"
"9312",13191,"Sporophila hypoxantha","Sporophila_hypoxantha","P13P14P16","Tanagers II, Flowerpiercers, Conebills, Seedeaters, Warbling-finches, Allies","Tanagers, Flowerpiercers, Conebills, Seedeaters, Warbling-finches, Grosbeaks, Saltators, Allies","Tawny-bellied Seedeater","bow13191","LC","BL3","Emberizidae","Buntings, American sparrows and allies",192,"PASSERIFORMES","PASSERIFORMES","Passeri"
"6647",9510,"Sturnus vulgaris","Sturnus_vulgaris","M4","Mockingbirds, Thrashers, Philippine Creepers, Starlings","Mockingbirds, Thrashers, Philippine Creepers, Starlings","Common Starling","bow09510","LC","BL3","Sturnidae","Starlings",177,"PASSERIFORMES","PASSERIFORMES","Passeri"
"2043",2837,"Tauraco erythrolophus","Tauraco_erythrolophus","Musophagidae","Turacos","Turacos","Red-crested Turaco","bow02837","LC","BL3","Musophagidae","Turacos",66,"MUSOPHAGIFORMES","NONPASSERIFORMES","NONPASSERIFORMES"
"15",69,"Tinamus guttatus","Tinamus_guttatus","Paleognathae","Paleognaths","Paleognaths","White-throated Tinamou","bow00069","LC","BL3","Tinamidae","Tinamous",1,"TINAMIFORMES","NONPASSERIFORMES","NONPASSERIFORMES"
"6705",9592,"Toxostoma redivivum","Toxostoma_redivivum","M4","Mockingbirds, Thrashers, Philippine Creepers, Starlings","Mockingbirds, Thrashers, Philippine Creepers, Starlings","California Thrasher","bow09592","LC","BL3","Mimidae","Mockingbirds and thrashers",175,"PASSERIFORMES","PASSERIFORMES","Passeri"
"970",1430,"Trogon melanurus","Trogon_melanurus","Trogonidae","Trogons","Trogons","Black-tailed Trogon","bow01430","LC","BL3","Trogonidae","Trogons",81,"TROGONIFORMES","NONPASSERIFORMES","NONPASSERIFORMES"
"291",437,"Tympanuchus cupido","Tympanuchus_cupido","Phasianidae","Pheasants, Quail, Guineafowl","Pheasants, Quail, Guineafowl","Greater Prairie-chicken","bow00437","VU","BL3","Phasianidae","Grouse, pheasants and partridges",11,"GALLIFORMES","NONPASSERIFORMES","NONPASSERIFORMES"
"3182",4508,"Uria aalge","Uria_aalge","Lari","Gulls, Terns, Auks, Crab Plover","Gulls, Terns, Auks, Crab Plover","Common Guillemot","bow04508","LC","BL3","Alcidae","Auks",63,"CHARADRIIFORMES","NONPASSERIFORMES","NONPASSERIFORMES"
"3183",4509,"Uria lomvia","Uria_lomvia","Lari","Gulls, Terns, Auks, Crab Plover","Gulls, Terns, Auks, Crab Plover","Thick-billed Guillemot","bow04509","LC","BL3","Alcidae","Auks",63,"CHARADRIIFORMES","NONPASSERIFORMES","NONPASSERIFORMES"
"1149",1700,"Urocolius indicus","Urocolius_indicus","Coliidae","Mousebirds","Mousebirds","Red-faced Mousebird","bow01700","LC","BL3","Coliidae","Mousebirds",80,"COLIIFORMES","NONPASSERIFORMES","NONPASSERIFORMES"
"7280",10614,"Zosterops hypoxanthus","Zosterops_hypoxanthus","S13","Whiteyes, Babblers I, Parrotbills","Whiteyes, Babblers, Parrotbills, Old World Warblers II, Allies","Black-headed White-eye","bow10614","LC","BL3","Zosteropidae","White-eyes",164,"PASSERIFORMES","PASSERIFORMES","Passeri"
"2534",3514,"Gallicolumba beccarii","Gallicolumba_beccarii","Columbidae","Pigeons, Doves","Pigeons, Doves","Bronze Ground-dove","bow03514","LC","BL3","Columbidae","Doves and pigeons",65,"COLUMBIFORMES","NONPASSERIFORMES","NONPASSERIFORMES"
"361",598,"Anser cygnoides","Anser_cygnoides","Anserinae","Ducks, Geese, Other Waterfowl, Screamers","Ducks, Geese, Other Waterfowl, Screamers","Swan Goose","bow00598","VU","BL3","Anatidae","Ducks, geese and swans",14,"ANSERIFORMES","NONPASSERIFORMES","NONPASSERIFORMES"
"402",658,"Cairina scutulata","Cairina_scutulata","Anatinae","Ducks, Geese, Other Waterfowl, Screamers","Ducks, Geese, Other Waterfowl, Screamers","White-winged Duck","bow00658","EN","BL3","Anatidae","Ducks, geese and swans",14,"ANSERIFORMES","NONPASSERIFORMES","NONPASSERIFORMES"
"2951",4143,"Philomachus pugnax","Philomachus_pugnax","Scolopaci","Sandpipers, Jacanas, Seedsnipes, Allies","Sandpipers, Jacanas, Seedsnipes, Allies","Ruff","bow04143","LC","BL3","Scolopacidae","Sandpipers and allies",59,"CHARADRIIFORMES","NONPASSERIFORMES","NONPASSERIFORMES"
"6093",8707,"Platysteira castanea","Platysteira_castanea","CC7","Shrike-Flycatchers, Helmetshrikes, Vangas, Butcherbirds, Woodswallows, Allies","Cuckoo-Shrikes, Helmetshrikes, Shrike-Flycatchers, Vangas, Whipbirds, Shrike-Thrushes, Whistlers, Shrikes, Monarchs, Vireos, Orioles, Drongos, Fantails, Birds Of Paradise, Crows, Jays, Allies","Chestnut Wattle-eye","bow08707","LC","BL3","Platysteiridae","Shrike-flycatchers, wattle-eyes and batises",128,"PASSERIFORMES","PASSERIFORMES","Passeri"
"7345",10710,"Cettia vulcania","Cettia_vulcania","S7S8","Leaf-Warblers, Bush-Warblers, Long-tailed Tits","Leaf-Warblers, Bush-Warblers, Long-tailed Tits","Sunda Bush-warbler","bow10710","LC","BL3","Sylviidae","Old World warblers",161,"PASSERIFORMES","PASSERIFORMES","Passeri"
"6853",9881,"Parus atricapillus","Parus_atricapillus","S2","Tits, Chickadees, Penduline-Tits, Allies","Tits, Chickadees, Penduline-Tits, Allies","Black-capped Chickadee","bow09881","LC","BL3","Paridae","Tits and chickadees",154,"PASSERIFORMES","PASSERIFORMES","Passeri"
"2299",3228,"Caprimulgus carolinensis","Caprimulgus_carolinensis","Caprimulgidae","Nightjars","Nightjars","Chuck-will's-widow","bow03228","LC","BL3","Caprimulgidae","Nightjars",75,"CAPRIMULGIFORMES","NONPASSERIFORMES","NONPASSERIFORMES"
"3774",5528,"Calonectris diomedea","Calonectris_diomedea","Procellariidae","Albatrosses, Shearwaters, Petrels","Albatrosses, Shearwaters, Petrels","Cory's Shearwater","bow05528","LC","BL3","Procellariidae","Petrels and shearwaters",18,"PROCELLARIIFORMES","NONPASSERIFORMES","NONPASSERIFORMES"
"8677",12442,"Hemignathus munroi","Hemignathus_munroi","P10","Finches, Allies","Finches, Allies","Akiapolaau","bow12442","EN","BL3","Fringillidae","Finches and Hawaiian honeycreepers",188,"PASSERIFORMES","PASSERIFORMES","Passeri"
"7626",11095,"Modulatrix orostruthus","Modulatrix_orostruthus","P1","Sugarbirds, Allies","Sugarbirds, Allies","Dapple-throat","bow11095","VU","BL3","Muscicapidae","Chats and Old World flycatchers",167,"PASSERIFORMES","PASSERIFORMES","Passeri"
"8873",12707,"Dendroica kirtlandii","Dendroica_kirtlandii","P20a","New World Warblers","New World warblers, New World Blackbirds, Buntings, American Sparrows, Allies","Kirtland's Warbler","bow12707","NT","BL3","Parulidae","New World warblers",171,"PASSERIFORMES","PASSERIFORMES","Passeri"
"8861",12692,"Dendroica coronata","Dendroica_coronata","P20a","New World Warblers","New World warblers, New World Blackbirds, Buntings, American Sparrows, Allies","Yellow-rumped Warbler","bow12692","LC","BL3","Parulidae","New World warblers",171,"PASSERIFORMES","PASSERIFORMES","Passeri"
"5798",8324,"Coracina coerulescens","Coracina_coerulescens","CC4","Cuckoo-Shrikes","Cuckoo-Shrikes, Helmetshrikes, Shrike-Flycatchers, Vangas, Whipbirds, Shrike-Thrushes, Whistlers, Shrikes, Monarchs, Vireos, Orioles, Drongos, Fantails, Birds Of Paradise, Crows, Jays, Allies","Blackish Cuckooshrike","bow08324","LC","BL3","Campephagidae","Cuckoo-shrikes",136,"PASSERIFORMES","PASSERIFORMES","Passeri"
"7000",10177,"Pycnonotus atriceps","Pycnonotus_atriceps","S9","Bulbuls, Allies","Bulbuls, Allies","Black-headed Bulbul","bow10177","LC","BL3","Pycnonotidae","Bulbuls",160,"PASSERIFORMES","PASSERIFORMES","Passeri"
"7843",11357,"Paradoxornis webbianus","Paradoxornis_webbianus","S12","Babblers II, Old World Warblers II, Allies","Whiteyes, Babblers, Parrotbills, Old World Warblers II, Allies","Vinous-throated Parrotbill","bow11357","LC","BL3","Timaliidae","Babblers and parrotbills",163,"PASSERIFORMES","PASSERIFORMES","Passeri"
"2678",3711,"Eupodotis ruficrista","Eupodotis_ruficrista","Otididae","Bustards","Bustards","Red-crested Bustard","bow03711","LC","BL3","Otididae","Bustards",37,"OTIDIFORMES","NONPASSERIFORMES","NONPASSERIFORMES"
"8673",12433,"Hemignathus virens","Hemignathus_virens","P10","Finches, Allies","Finches, Allies","Common Amakihi","bow12433","LC","BL3","Fringillidae","Finches and Hawaiian honeycreepers",188,"PASSERIFORMES","PASSERIFORMES","Passeri"
"6115",8735,"Callaeas cinereus","Callaeas_cinereus","CC1","Berrypeckers, Satinbirds, Allies","Berrypeckers, Satinbirds, Allies","Kokako","bow08735","EN","BL3","Callaeatidae","Wattled crows",125,"PASSERIFORMES","PASSERIFORMES","Passeri"
"7690",11180,"Spelaeornis formosus","Spelaeornis_formosus","S13","Whiteyes, Babblers I, Parrotbills","Whiteyes, Babblers, Parrotbills, Old World Warblers II, Allies","Spotted Wren-babbler","bow11180","LC","BL3","Timaliidae","Babblers and parrotbills",163,"PASSERIFORMES","PASSERIFORMES","Passeri"
"7499",10941,"Phylloscopus sibilatrix","Phylloscopus_sibilatrix","S7S8","Leaf-Warblers, Bush-Warblers, Long-tailed Tits","Leaf-Warblers, Bush-Warblers, Long-tailed Tits","Wood Warbler","bow10941","LC","BL3","Sylviidae","Old World warblers",161,"PASSERIFORMES","PASSERIFORMES","Passeri"
"7942",11501,"Calandrella cheleensis","Calandrella_cheleensis","S3","Larks","Larks, Allies","Asian Short-toed Lark","bow11501","LC","BL3","Alaudidae","Larks",158,"PASSERIFORMES","PASSERIFORMES","Passeri"
"423",685,"Anas poecilorhyncha","Anas_poecilorhyncha","Anatinae","Ducks, Geese, Other Waterfowl, Screamers","Ducks, Geese, Other Waterfowl, Screamers","Spot-billed Duck","bow00685","LC","BL3","Anatidae","Ducks, geese and swans",14,"ANSERIFORMES","NONPASSERIFORMES","NONPASSERIFORMES"
"6476",9270,"Erythropygia coryphaeus","Erythropygia_coryphaeus","M6","Chats, Old World Flycatchers","Thrushes, Dippers, Chats, Old World Flycatchers","Karoo Scrub-robin","bow09270","LC","BL3","Muscicapidae","Chats and Old World flycatchers",167,"PASSERIFORMES","PASSERIFORMES","Passeri"
"1037",1553,"Alcedo cyanopectus","Alcedo_cyanopectus","Alcedinidae","Kingfishers, Motmots, Todies","Bee-eaters, Kingfishers, Motmots, Todies, Rollers, Ground-Rollers","Indigo-banded Kingfisher","bow01553","LC","BL3","Alcedinidae","Kingfishers",85,"CORACIIFORMES","NONPASSERIFORMES","NONPASSERIFORMES"
"3120",4423,"Larus maculipennis","Larus_maculipennis","Lari","Gulls, Terns, Auks, Crab Plover","Gulls, Terns, Auks, Crab Plover","Brown-hooded Gull","bow04423","LC","BL3","Laridae","Gulls and terns",61,"CHARADRIIFORMES","NONPASSERIFORMES","NONPASSERIFORMES"
"2172",3006,"Strix nigrolineata","Strix_nigrolineata","Strigidae","Owls","Owls, Barn Owls","Black-and-white Owl","bow03006","LC","BL3","Strigidae","Owls",71,"STRIGIFORMES","NONPASSERIFORMES","NONPASSERIFORMES"
"1290",1930,"Cacatua roseicapilla","Cacatua_roseicapilla","Cacatuidae","Parrots","Parrots","Galah","bow01930","LC","BL3","Psittacidae","Parrots",68,"PSITTACIFORMES","NONPASSERIFORMES","NONPASSERIFORMES"
"3108",4396,"Larus argentatus","Larus_argentatus","Lari","Gulls, Terns, Auks, Crab Plover","Gulls, Terns, Auks, Crab Plover","Herring Gull","bow04396","LC","BL3","Laridae","Gulls and terns",61,"CHARADRIIFORMES","NONPASSERIFORMES","NONPASSERIFORMES"
"8058",11642,"Nectarinia aspasia","Nectarinia_aspasia","P2","Sunbirds, Flowerpeckers","Sunbirds, Flowerpeckers","Black Sunbird","bow11642","LC","BL3","Nectariniidae","Sunbirds",168,"PASSERIFORMES","PASSERIFORMES","Passeri"
"752",1102,"Megalaima haemacephala","Megalaima_haemacephala","Ramphastidae","Toucans, Barbets","Woodpeckers, Honeyguides, Toucans, Barbets","Coppersmith Barbet","bow01102","LC","BL3","Ramphastidae","Toucans and barbets",93,"PICIFORMES","NONPASSERIFORMES","NONPASSERIFORMES"
"6523",9332,"Saxicola torquatus","Saxicola_torquatus","M6","Chats, Old World Flycatchers","Thrushes, Dippers, Chats, Old World Flycatchers","Common Stonechat","bow09332","LC","BL3","Muscicapidae","Chats and Old World flycatchers",167,"PASSERIFORMES","PASSERIFORMES","Passeri"
"7704",11197,"Stachyris dennistouni","Stachyris_dennistouni","S13","Whiteyes, Babblers I, Parrotbills","Whiteyes, Babblers, Parrotbills, Old World Warblers II, Allies","Golden-crowned Babbler","bow11197","NT","BL3","Timaliidae","Babblers and parrotbills",163,"PASSERIFORMES","PASSERIFORMES","Passeri"
"2807",3898,"Porzana atra","Porzana_atra","Rallidae","Rails, Finfoots","Rails, Finfoots","Henderson Crake","bow03898","VU","BL3","Rallidae","Rails, crakes and allies",42,"GRUIFORMES","NONPASSERIFORMES","NONPASSERIFORMES"
